0,Austin Allen,538963346,austinallen0@gmail.com,SKXAWDZSHY,True,0
1,Elise Rodriquez,112405104,eliserodriquez1@gmail.com,BNGAAACIEH,True,1
2,Anna Taylor,515652112,annataylor2@gmail.com,TPSATFGBKE,True,2
3,Jake Hill,669907902,jakehill3@gmail.com,OGLHFXRELC,True,3
4,Kayla Moore,989457850,kaylamoore4@gmail.com,FBKTCPMHUB,True,4
5,Sophie Anderson,661215351,sophieanderson5@gmail.com,VQXHCPNBUV,True,5
6,Connor Price,874552288,connorprice6@gmail.com,WDYKIHKIOH,True,6
7,Ella Price,564659556,ellaprice7@gmail.com,DETXWEPEGM,True,7
8,Justin Robinson,851532947,justinrobinson8@gmail.com,BYNQBRIACL,True,8
9,Jordan Jackson,579737568,jordanjackson9@gmail.com,HCRWUWVWHS,True,9
10,Caleb Lewis,340023667,caleblewis10@gmail.com,BDXJRIKJLY,True,10
11,Natalie Ross,980247947,natalieross11@gmail.com,JKFPVAWQQG,True,11
12,Sophie Hill,770946725,sophiehill12@gmail.com,XQMECOOOVG,True,12
13,Nathan Brown,198391259,nathanbrown13@gmail.com,QWQJIGZMLZ,True,13
14,Ryan Morgan,345089101,ryanmorgan14@gmail.com,ZPTNHRRPAJ,True,14
15,Madison Washington,176220388,madisonwashington15@gmail.com,UICDEFEBMO,True,15
16,Jack Collins,446461162,jackcollins16@gmail.com,ARLROKDNUJ,True,16
17,Ross Mitchell,667932499,rossmitchell17@gmail.com,ONOOFIASYP,True,17
18,Olivia Peterson,579306702,oliviapeterson18@gmail.com,GMOQSUPBAG,True,18
19,Monica Scott,551272813,monicascott19@gmail.com,RGXPEZAZQC,True,19
20,Adrian White,758778341,adrianwhite20@gmail.com,OLOGONZVJP,True,20
21,Michael Flores,573871599,michaelflores21@gmail.com,JPSVKVXLTC,True,21
22,Banting Collins,249141143,bantingcollins22@gmail.com,HNAESCZOZD,True,22
23,Caleb Jones,328396070,calebjones23@gmail.com,SDCTVUDHBV,True,23
24,Natalie Gonzalez,207628234,nataliegonzalez24@gmail.com,BICBJDPMAD,True,24
25,Braden Thompson,267204827,bradenthompson25@gmail.com,XBSFJMTLWB,True,25
26,Paige Collins,922883289,paigecollins26@gmail.com,HZZYFEMXCL,True,26
27,Brooke Smith,272690298,brookesmith27@gmail.com,ZPUKVNLLKQ,True,27
28,Charlotte Long,565859715,charlottelong28@gmail.com,PLPCWWRWEA,True,28
29,Grace Clark,164996886,graceclark29@gmail.com,CFSQHHEHIA,True,29
30,Richard Thomas,289846254,richardthomas30@gmail.com,OBWPHOQANZ,True,30
31,Bryce King,852507013,bryceking31@gmail.com,JIKVTYTIKZ,True,31
32,Grace Turner,687560208,graceturner32@gmail.com,GUQGCQVDQQ,True,32
33,Ross White,759302954,rosswhite33@gmail.com,KCKAGFINEZ,True,33
34,Harper Baker,208243616,harperbaker34@gmail.com,HHJAMHVGXA,True,34
35,Jake Jenkins,276380444,jakejenkins35@gmail.com,SLMTAFPFIV,True,35
36,Noah Bennett,541996855,noahbennett36@gmail.com,EPXHVDGIRH,True,36
37,Michael Ward,318248022,michaelward37@gmail.com,MZYAZLGTVW,True,37
38,Kylie Jenkins,482327065,kyliejenkins38@gmail.com,NRMPYHPYXI,True,38
39,Alexandra Brown,875444226,alexandrabrown39@gmail.com,MVPNLGBESH,True,39
40,Olivia Gray,851288119,oliviagray40@gmail.com,JFCKJNRHCB,True,40
41,Aiden Lewis,660462851,aidenlewis41@gmail.com,YWABDNFUWZ,True,41
42,Lucy Ramirez,842954225,lucyramirez42@gmail.com,ZPJGJHRJQB,True,42
43,Kaitlyn Roberts,353043359,kaitlynroberts43@gmail.com,LACNTIAQYH,True,43
44,Bryce Cox,150115166,brycecox44@gmail.com,ZBSFRBXPPI,True,44
45,Madison Anderson,299463136,madisonanderson45@gmail.com,NXRRCUSONZ,True,45
46,Hannah Lopez,501571028,hannahlopez46@gmail.com,CWZDKUIPSW,True,46
47,Ken Bing,453153183,kenbing47@gmail.com,KFNIAQCMFI,True,47
48,Chandler Torres,229360077,chandlertorres48@gmail.com,SMJMLEPULQ,True,48
49,Natalie Garcia,553886325,nataliegarcia49@gmail.com,OUGDHLOWLN,True,49
50,Isabella Phillips,341375950,isabellaphillips50@gmail.com,HKHDLTMDFH,True,50
51,Chase Wilson,814062460,chasewilson51@gmail.com,MGIWTTSULO,True,51
52,Anna White,668725572,annawhite52@gmail.com,ZIYAUDFYRM,True,52
53,Shawn Howard,772943843,shawnhoward53@gmail.com,RUNHTRTCBR,True,53
54,Madelyn Perez,670908035,madelynperez54@gmail.com,DBUSDIXQTP,True,54
55,Allision Sanders,965091745,allisionsanders55@gmail.com,TIPZQRMOHK,True,55
56,Harper Allen,863263960,harperallen56@gmail.com,TVSRITGXNT,True,56
57,Keira Sanders,287256041,keirasanders57@gmail.com,IAQRQYUCTM,True,57
58,Banting Miller,562279667,bantingmiller58@gmail.com,MUZUFEYOGS,True,58
59,Blake Miller,822253023,blakemiller59@gmail.com,VHODWZXEBD,True,59
60,Savannah Robinson,738332060,savannahrobinson60@gmail.com,SZRPXOHMCI,True,60
61,Nathan Butler,701861990,nathanbutler61@gmail.com,LWGSYZCNGX,True,61
62,Austin Henderson,998799840,austinhenderson62@gmail.com,SZZRHVUVME,True,62
63,Richard Jenkins,786536060,richardjenkins63@gmail.com,CDUYHYFCGE,True,63
64,Ella Barnes,389891313,ellabarnes64@gmail.com,GGUFBAVUMA,True,64
65,Lauren Nelson,487516653,laurennelson65@gmail.com,RKYQPKJEXQ,True,65
66,Justin Stewart,392687739,justinstewart66@gmail.com,NSBMBKSRTC,True,66
67,Sydney Brooks,111643771,sydneybrooks67@gmail.com,GVNCEKGAAD,True,67
68,Emma Bryant,990147641,emmabryant68@gmail.com,KXOYGGNAOA,True,68
69,Ian Sanders,168708656,iansanders69@gmail.com,QCIQBOQTYY,True,69
70,Aiden Carter,634223531,aidencarter70@gmail.com,LHMNVSCNSO,True,70
71,Christopher Bailey,228213140,christopherbailey71@gmail.com,AWXTLPMTZJ,True,71
72,Joey Barnes,285605433,joeybarnes72@gmail.com,RFKKEXWYXJ,True,72
73,Blake Adams,703862474,blakeadams73@gmail.com,LQGBSFDEQQ,True,73
74,Olivia Anderson,699984693,oliviaanderson74@gmail.com,MUMHISPEGI,True,74
75,Harper Ward,198315490,harperward75@gmail.com,QXHUAQWHPK,True,75
76,Alexis Alexander,730917373,alexisalexander76@gmail.com,AUUXAJLJDJ,True,76
77,Abigail Peterson,896097782,abigailpeterson77@gmail.com,RSTRDZZAGJ,True,77
78,William Parker,278280904,williamparker78@gmail.com,MAZHFXGKRI,True,78
79,Max Cox,908165097,maxcox79@gmail.com,QZGJXYFKLK,True,79
80,Sophia Baker,765633797,sophiabaker80@gmail.com,RAELVCEHXM,True,80
81,David Moore,569730105,davidmoore81@gmail.com,IRUEDBVQMJ,True,81
82,Grace Lewis,143330221,gracelewis82@gmail.com,CZWPFXAITI,True,82
83,Chase Anderson,111973389,chaseanderson83@gmail.com,UPDNXTAJGM,True,83
84,Brandon Richardson,823620935,brandonrichardson84@gmail.com,VJGPGKYUHG,True,84
85,Max Torres,475783793,maxtorres85@gmail.com,MIRIDQMEUS,True,85
86,Nicholas Ramirez,283781440,nicholasramirez86@gmail.com,MKLEXCMSBZ,True,86
87,Jordan Wright,914616364,jordanwright87@gmail.com,FOPPLQCOEE,True,87
88,Nicholas Sanders,188394919,nicholassanders88@gmail.com,WHYLHXIMFB,True,88
89,Sarah Sanders,243151870,sarahsanders89@gmail.com,JDQXZIHMMX,True,89
90,Sebastian Howard,413116482,sebastianhoward90@gmail.com,WHTPTMYAOC,True,90
91,Claire Walker,354740814,clairewalker91@gmail.com,MZFXUCRRCT,True,91
92,Elise Diaz,755968354,elisediaz92@gmail.com,CSPVQJOZHW,True,92
93,Gunther Brooks,660074040,guntherbrooks93@gmail.com,ABKGKZTPVM,True,93
94,Alyssa Williams,237112166,alyssawilliams94@gmail.com,RGOOITETQU,True,94
95,Leah Bell,249426129,leahbell95@gmail.com,PLQKEQNRGF,True,95
96,Nathan Williams,661663010,nathanwilliams96@gmail.com,QYOWAHUTNU,True,96
97,Chase Cooper,156418164,chasecooper97@gmail.com,HMIQOCIYSP,True,97
98,Christopher Long,963152044,christopherlong98@gmail.com,MTATFLFSAK,True,98
99,Noah Griffin,662598511,noahgriffin99@gmail.com,OMXTXBRZEJ,True,99
100,Hailey Morgan,906775396,haileymorgan100@gmail.com,XQMIAWDOBN,True,100
101,Keira Foster,489927257,keirafoster101@gmail.com,BJZEDSZKPC,True,101
102,Paige Rivera,463005541,paigerivera102@gmail.com,QCYTEKJSGH,True,102
103,Julia Jones,160651420,juliajones103@gmail.com,TOOUIDTHDL,True,103
104,Emily Brooks,919662792,emilybrooks104@gmail.com,CVBRRDYSRK,True,104
105,Natalie Torres,213162810,natalietorres105@gmail.com,JNSBCYLNSJ,True,105
106,Abigail Hernadez,628457026,abigailhernadez106@gmail.com,VZEXVMOLNO,True,106
107,Connor Stewart,964863096,connorstewart107@gmail.com,IILREENLAU,True,107
108,Harper Alexander,172959150,harperalexander108@gmail.com,CWVILHNFNN,True,108
109,Emily Patterson,572592545,emilypatterson109@gmail.com,HOXVLYGUJR,True,109
110,Xavier Bryant,334174372,xavierbryant110@gmail.com,QESVBNERIB,True,110
111,Chase Green,967166176,chasegreen111@gmail.com,EUMVXHURMF,True,111
112,Ryder Powell,108975136,ryderpowell112@gmail.com,NSBHFVOXTN,True,112
113,Grace Adams,654114568,graceadams113@gmail.com,FLBCGDNFTD,True,113
114,Ethan Perez,156619226,ethanperez114@gmail.com,UFFTUNMZMS,True,114
115,Ryan Collins,268601955,ryancollins115@gmail.com,TTXSBRCCAX,True,115
116,Richard Phillips,658531768,richardphillips116@gmail.com,BXHBKZEQWG,True,116
117,Savannah Richardson,986826450,savannahrichardson117@gmail.com,VTUBHDXOXG,True,117
118,Lucas Wilson,962915124,lucaswilson118@gmail.com,QTIDBSBOYC,True,118
119,Shawn Peterson,914107519,shawnpeterson119@gmail.com,CQAVQLBALN,True,119
120,Lily Jenkins,303735212,lilyjenkins120@gmail.com,GMUPKUBOUW,True,120
121,Xavier Clark,478071373,xavierclark121@gmail.com,HGUWZCJMGL,True,121
122,Nicholas Sanchez,923248850,nicholassanchez122@gmail.com,JCCIQZJHNY,True,122
123,Nicholas Patterson,846995771,nicholaspatterson123@gmail.com,BJMMQOJNPP,True,123
124,Olivia Robinson,755592173,oliviarobinson124@gmail.com,HLEXQLIDHW,True,124
125,Brandon Bing,379482717,brandonbing125@gmail.com,VCSBTHFHOT,True,125
126,Michael Walker,472244785,michaelwalker126@gmail.com,LPDRAGQUWG,True,126
127,Ian Perez,625531392,ianperez127@gmail.com,YHULNWPQNI,True,127
128,Kaylee Powell,566750308,kayleepowell128@gmail.com,WEQBNXNTVE,True,128
129,Joey Phillips,550558563,joeyphillips129@gmail.com,OGSPFAAWSU,True,129
130,Nicholas Bennett,536652478,nicholasbennett130@gmail.com,JBUGVAFROI,True,130
131,Ross Walker,674499208,rosswalker131@gmail.com,TSUXQKWSSS,True,131
132,Bryce Long,932945737,brycelong132@gmail.com,RDOBDGZLAW,True,132
133,Ian Richardson,615682392,ianrichardson133@gmail.com,CTAVITHQBI,True,133
134,Nicholas Young,101389700,nicholasyoung134@gmail.com,YRZKJYRAUU,True,134
135,Christopher Clark,375706540,christopherclark135@gmail.com,DFWTSNVMMO,True,135
136,Shawn Wright,206724564,shawnwright136@gmail.com,AUICUUYEYJ,True,136
137,Shawn Green,982678800,shawngreen137@gmail.com,HVDGGDDXEH,True,137
138,Hailey Allen,192310596,haileyallen138@gmail.com,XFHAQFBBCO,True,138
139,Lily Lee,710458124,lilylee139@gmail.com,EZINULQHXC,True,139
140,Gunther Allen,847326765,guntherallen140@gmail.com,YAVJUSQEGW,True,140
141,Summer Cook,318918343,summercook141@gmail.com,QWKEZGWTHV,True,141
142,Adrian Jackson,841657214,adrianjackson142@gmail.com,AHLEAWBHGM,True,142
143,Emily Thompson,615802372,emilythompson143@gmail.com,EJZVMERSGI,True,143
144,David Hughes,908977496,davidhughes144@gmail.com,RYVAHLMWQJ,True,144
145,Alexandra Henderson,445950304,alexandrahenderson145@gmail.com,SXOGMVMOGF,True,145
146,Kylie Adams,345765677,kylieadams146@gmail.com,UFBDFBGHSD,True,146
147,Jason James,201853785,jasonjames147@gmail.com,NHISLXPITJ,True,147
148,Nicholas Johnson,603454814,nicholasjohnson148@gmail.com,BMOHZHSQGI,True,148
149,Elise Bell,968510209,elisebell149@gmail.com,XAMRETCMET,True,149
150,Elise Thomas,590894359,elisethomas150@gmail.com,CWTTYCENCC,True,150
151,Bryce Powell,674836558,brycepowell151@gmail.com,SZOVYYPEHR,True,151
152,Molly Torres,193503039,mollytorres152@gmail.com,HPTTPQLHWX,True,152
153,Scarlett Harris,149044524,scarlettharris153@gmail.com,JSQFTITRDY,True,153
154,Kayla Miller,458863298,kaylamiller154@gmail.com,LRZHTGWJEM,True,154
155,Grace Morris,528704022,gracemorris155@gmail.com,VHXCRLTXZM,True,155
156,Sadie Sanchez,566678405,sadiesanchez156@gmail.com,DQFPIRBHRW,True,156
157,Claire Bailey,616009768,clairebailey157@gmail.com,XDGENEERWR,True,157
158,Kaylee Reed,405059246,kayleereed158@gmail.com,PNXAMWVSLQ,True,158
159,Kylie Mitchell,640180075,kyliemitchell159@gmail.com,SLCKCIFPAP,True,159
160,Keira King,740918023,keiraking160@gmail.com,QIZBGVXMOG,True,160
161,Ross Long,102925634,rosslong161@gmail.com,WBDYHOSONZ,True,161
162,Emma Simmons,498112787,emmasimmons162@gmail.com,NOMIDKUHGR,True,162
163,Christopher Washington,622400585,christopherwashington163@gmail.com,IHTKOUWZLE,True,163
164,Christopher Baker,135940066,christopherbaker164@gmail.com,TPAOQVGQLC,True,164
165,Sophia Washington,659675162,sophiawashington165@gmail.com,NCZOQTXOGX,True,165
166,Scott Edwards,134220439,scottedwards166@gmail.com,AKZCPKCTTT,True,166
167,Savannah Perez,493292743,savannahperez167@gmail.com,NGVLDXFOGQ,True,167
168,Isaac Clark,652724868,isaacclark168@gmail.com,NCAIHGNTBA,True,168
169,Kaylee Campbell,780912684,kayleecampbell169@gmail.com,UYZDOYQFLN,True,169
170,Grace Russell,161877390,gracerussell170@gmail.com,XFMZKIGRNL,True,170
171,Jake Hall,675852967,jakehall171@gmail.com,LEKFACXYNB,True,171
172,Aiden Howard,894515854,aidenhoward172@gmail.com,JTIBLRZGHF,True,172
173,Caleb Wright,352456999,calebwright173@gmail.com,JNQZVGNGCP,True,173
174,Jordan Roberts,166780754,jordanroberts174@gmail.com,MTACLMYNAT,True,174
175,Hailey Bell,984816868,haileybell175@gmail.com,KFGIAYJOWW,True,175
176,Ken Sanders,636414158,kensanders176@gmail.com,BBRIIWTQWK,True,176
177,Harper Hughes,407446478,harperhughes177@gmail.com,EEMZKSSFCN,True,177
178,Madison Collins,938018273,madisoncollins178@gmail.com,ZKJHLBLTBO,True,178
179,Kaitlyn Stewart,409641868,kaitlynstewart179@gmail.com,GBAWXHXKEE,True,179
180,Logan Wright,133717040,loganwright180@gmail.com,ORGPADZCAP,True,180
181,Liam Coleman,370391000,liamcoleman181@gmail.com,YDNWMKMHUQ,True,181
182,Madison Nelson,122076578,madisonnelson182@gmail.com,FXPBNTMBBK,True,182
183,Samantha Gonzalez,598240097,samanthagonzalez183@gmail.com,NQMPNREYLL,True,183
184,Caleb Lewis,959664203,caleblewis184@gmail.com,CPZJIDZFUA,True,184
185,Scott Rivera,861815919,scottrivera185@gmail.com,FYWQMSXCPN,True,185
186,Shawn Washington,580996169,shawnwashington186@gmail.com,VPSYVWIBKQ,True,186
187,Ross Richardson,883901212,rossrichardson187@gmail.com,ZDLXDUNZGY,True,187
188,Ryan Moore,256819094,ryanmoore188@gmail.com,ZQGURKQNLX,True,188
189,Bryce Williams,572685676,brycewilliams189@gmail.com,IYIQCHBZTZ,True,189
190,Summer Hall,809028134,summerhall190@gmail.com,NBTALLAETZ,True,190
191,Justin Jenkins,590714795,justinjenkins191@gmail.com,SGDAGFKYNE,True,191
192,Brianna Long,677619554,briannalong192@gmail.com,DWQFYMLBLJ,True,192
193,Logan James,552130519,loganjames193@gmail.com,CUAORYOTIC,True,193
194,Joey Griffin,969540100,joeygriffin194@gmail.com,ZMEVTAVYAC,True,194
195,Bryce Russell,844401131,brycerussell195@gmail.com,BOOPYRDKWO,True,195
196,Isabella Jenkins,820805554,isabellajenkins196@gmail.com,SLANVVZQIS,True,196
197,Charlotte Butler,319256629,charlottebutler197@gmail.com,RSZMICRYCJ,True,197
198,Brianna Campbell,579862306,briannacampbell198@gmail.com,QQTQIZHPST,True,198
199,Hannah Hughes,349302334,hannahhughes199@gmail.com,STZMGDUJVG,True,199
200,Leah Parker,411729864,leahparker200@gmail.com,DSDNNXMPWI,True,200
201,Brooklyn Cook,852472932,brooklyncook201@gmail.com,ROZVJCMURU,True,201
202,Sarah Johnson,549128915,sarahjohnson202@gmail.com,XOVXHFKZBX,True,202
203,Chandler Brown,822542128,chandlerbrown203@gmail.com,TICHIOXPVD,True,203
204,Alexis Smith,906632818,alexissmith204@gmail.com,DBYNZXJRBF,True,204
205,Sydney Harris,915041391,sydneyharris205@gmail.com,HPQWWSDMSA,True,205
206,Connor Roberts,780320703,connorroberts206@gmail.com,USIXZWGPSR,True,206
207,Ryder Alexander,841046038,ryderalexander207@gmail.com,RHMAXZQPUS,True,207
208,Ken Anderson,982263769,kenanderson208@gmail.com,RTZGCFGFUK,True,208
209,Richard Howard,474046428,richardhoward209@gmail.com,MJMVHOTBET,True,209
210,Claire Russell,892289863,clairerussell210@gmail.com,ZUBZSQAZYV,True,210
211,Brooke Hernadez,259231927,brookehernadez211@gmail.com,TXXPLBPEKL,True,211
212,Sydney Lopez,677991493,sydneylopez212@gmail.com,FQNDGAWHQU,True,212
213,Benjamin Martinez,995417377,benjaminmartinez213@gmail.com,ZQNWJEPTTK,True,213
214,Austin Stewart,606463034,austinstewart214@gmail.com,MRQIDWKAYK,True,214
215,Kylie Martin,470527023,kyliemartin215@gmail.com,FBFYBRJFUF,True,215
216,Marty Rodgers,980849055,martyrodgers216@gmail.com,CLPXRDTQXX,True,216
217,Grace Lewis,899872688,gracelewis217@gmail.com,UJXZFIZOXR,True,217
218,Kayla Butler,662736381,kaylabutler218@gmail.com,IBCULCAYJI,True,218
219,Joshua Russell,274124145,joshuarussell219@gmail.com,KPBJPAVZGD,True,219
220,Sebastian Foster,178678992,sebastianfoster220@gmail.com,ZUSDMOSQXZ,True,220
221,Ryan Long,250319226,ryanlong221@gmail.com,IMGGEELWOH,True,221
222,Owen Jones,336473649,owenjones222@gmail.com,GTIIELTVEF,True,222
223,Dylan Ramirez,180039191,dylanramirez223@gmail.com,YQMDJGTOGV,True,223
224,Alexis Brown,971884549,alexisbrown224@gmail.com,NEPCGYEGPL,True,224
225,Jack Evans,571162594,jackevans225@gmail.com,GULTIHALKH,True,225
226,Grace Russell,998233412,gracerussell226@gmail.com,KCMOOXUHWY,True,226
227,Jacob Jackson,442385334,jacobjackson227@gmail.com,YTOUDFGOCS,True,227
228,Chandler Torres,382916898,chandlertorres228@gmail.com,SCZDSEVGYR,True,228
229,Christopher Nelson,322379621,christophernelson229@gmail.com,EQDFKAMQHB,True,229
230,Joey Clark,264011314,joeyclark230@gmail.com,UURVXFYKWX,True,230
231,Caleb Campbell,417157528,calebcampbell231@gmail.com,WDWZSLPCAT,True,231
232,Lauren Jenkins,827584170,laurenjenkins232@gmail.com,FILWCJFLUQ,True,232
233,Ross Brooks,688715939,rossbrooks233@gmail.com,WRBVXACJLH,True,233
234,Abigail Morgan,997912002,abigailmorgan234@gmail.com,JAIQOLIDEE,True,234
235,Alexandra Powell,281244106,alexandrapowell235@gmail.com,CLMCVJJFOM,True,235
236,Jake Rodriquez,821262083,jakerodriquez236@gmail.com,DHMMEFDKJU,True,236
237,Ethan Davis,299534448,ethandavis237@gmail.com,ZFWQMIGERB,True,237
238,Hannah Young,691607278,hannahyoung238@gmail.com,PZMSDEJSAO,True,238
239,Dylan Bennett,144622811,dylanbennett239@gmail.com,XTOHCRIGTG,True,239
240,Owen Taylor,181495216,owentaylor240@gmail.com,JDPCLLFSQL,True,240
241,Gunther Thomas,739950130,guntherthomas241@gmail.com,AAFRIWULWM,True,241
242,Harper Reed,901637441,harperreed242@gmail.com,LXYCPDXITD,True,242
243,Sophia Robinson,782772664,sophiarobinson243@gmail.com,XICSHMKMIJ,True,243
244,Noah Brooks,680395812,noahbrooks244@gmail.com,OAEIBXZIMV,True,244
245,Brooke Robinson,649796206,brookerobinson245@gmail.com,XCECXBMJMR,True,245
246,Olivia Perez,912723300,oliviaperez246@gmail.com,PMBXCGGRYI,True,246
247,Ella Scott,682202176,ellascott247@gmail.com,DZSSIMWHQX,True,247
248,Jason Murphy,945667483,jasonmurphy248@gmail.com,WDFTIHZWUW,True,248
249,Jake Jones,599013076,jakejones249@gmail.com,KHLYZOCHAR,True,249
250,Sarah Rodgers,863552075,sarahrodgers250@gmail.com,JVWAQVHKNB,True,250
251,Sophie Butler,920932864,sophiebutler251@gmail.com,EEJDDWJAMA,True,251
252,Charlotte Bell,656520247,charlottebell252@gmail.com,QWLBRKQWQD,True,252
253,Brooklyn Jones,405738160,brooklynjones253@gmail.com,JUTXGNZNNU,True,253
254,Paige Walker,270623341,paigewalker254@gmail.com,ZHKAFIWVJS,True,254
255,Nicholas Wright,261410638,nicholaswright255@gmail.com,AHMIULJNES,True,255
256,Olivia Peterson,615999283,oliviapeterson256@gmail.com,IBKPNZAFPA,True,256
257,Stella Edwards,469089724,stellaedwards257@gmail.com,WZPZDKAEYV,True,257
258,Alexis Barnes,850657578,alexisbarnes258@gmail.com,DZJISUUPAN,True,258
259,Xavier Wilson,435470223,xavierwilson259@gmail.com,UEMXHZFZWD,True,259
260,Sarah Gonzalez,916807978,sarahgonzalez260@gmail.com,OMEWLBFRCF,True,260
261,James Rodgers,437935368,jamesrodgers261@gmail.com,YKCBQCMKKB,True,261
262,Nolan Washington,558129139,nolanwashington262@gmail.com,AGVJQSUXZJ,True,262
263,Bryce Peterson,759884148,brycepeterson263@gmail.com,GNTZSWEXHV,True,263
264,Ken Wilson,310035114,kenwilson264@gmail.com,REVSIMCMNF,True,264
265,Chase Russell,575132334,chaserussell265@gmail.com,TFQAFFTHFS,True,265
266,Summer Young,431647755,summeryoung266@gmail.com,FMBRGVWQMQ,True,266
267,Chandler Robinson,989275552,chandlerrobinson267@gmail.com,JIOLTPBRWH,True,267
268,Kylie Moore,997505373,kyliemoore268@gmail.com,BEADIOXPOT,True,268
269,Caleb Morris,425218928,calebmorris269@gmail.com,ZASPDNXHTX,True,269
270,Xavier Martinez,649264938,xaviermartinez270@gmail.com,YYGHZSRFUT,True,270
271,Jacob Lewis,781314606,jacoblewis271@gmail.com,GBBYHLIVSY,True,271
272,Logan Patterson,308265410,loganpatterson272@gmail.com,PBQMKWOULK,True,272
273,Alexis Butler,618113569,alexisbutler273@gmail.com,YMRIXOLJMN,True,273
274,James Lee,192628929,jameslee274@gmail.com,XGJERPKAZR,True,274
275,Paige Cox,438728861,paigecox275@gmail.com,ZUMFRWYXOW,True,275
276,Marty Watson,348681784,martywatson276@gmail.com,DYUCHMQFMD,True,276
277,Ryder Gray,553700983,rydergray277@gmail.com,RBJFYLITTF,True,277
278,Leah Hall,499643378,leahhall278@gmail.com,YMCKQTCILW,True,278
279,Banting Ward,422088342,bantingward279@gmail.com,FZQGMNBENA,True,279
280,Scott Howard,658439293,scotthoward280@gmail.com,CEWKWLPOBQ,True,280
281,James Martinez,416031236,jamesmartinez281@gmail.com,OHFIQNURXG,True,281
282,Nicholas Flores,496717849,nicholasflores282@gmail.com,ZKQJHOZCKA,True,282
283,Anna Griffin,783903821,annagriffin283@gmail.com,IQJUVNSLMP,True,283
284,Summer Jones,458827545,summerjones284@gmail.com,OYJNZFXMWU,True,284
285,Charlotte Davis,343078449,charlottedavis285@gmail.com,LWSZSLUQKD,True,285
286,Keira Mitchell,760637280,keiramitchell286@gmail.com,LMLAJYITES,True,286
287,Hailey Evans,521846010,haileyevans287@gmail.com,EGPNUFOTHO,True,287
288,Chloe Thompson,518092598,chloethompson288@gmail.com,VYHBPURDKG,True,288
289,Julia Martin,836501364,juliamartin289@gmail.com,RNPMAJXXOH,True,289
290,Nolan Bryant,665244822,nolanbryant290@gmail.com,RASYAGBVXS,True,290
291,Marty Smith,452172359,martysmith291@gmail.com,QMHNNPXYLA,True,291
292,Lucas Sanders,448876868,lucassanders292@gmail.com,PSXPTNRVXX,True,292
293,Justin Russell,356137054,justinrussell293@gmail.com,VKJJGEZMGA,True,293
294,Madison Foster,227814832,madisonfoster294@gmail.com,HUYBHMDVDN,True,294
295,Summer Jones,743559847,summerjones295@gmail.com,BXWXFOAQOP,True,295
296,Noah Brooks,281820990,noahbrooks296@gmail.com,CNWHODPCFM,True,296
297,Michael Baker,241753292,michaelbaker297@gmail.com,TEBZDLGKJB,True,297
298,Leah Bailey,572737550,leahbailey298@gmail.com,DMIFOPGAOO,True,298
299,Charlotte Bryant,205263477,charlottebryant299@gmail.com,ZGBHMSKVUX,True,299
300,Sophie Martinez,318148451,sophiemartinez300@gmail.com,JBMQRRHTSS,True,300
301,Ethan Torres,923447746,ethantorres301@gmail.com,MLNAWYLEVC,True,301
302,Michael Brown,684696801,michaelbrown302@gmail.com,KRFQLEXXAF,True,302
303,Olivia Sanchez,620448555,oliviasanchez303@gmail.com,ZKVIQULQOZ,True,303
304,Nathan Jones,949748136,nathanjones304@gmail.com,XDWVNVVJZB,True,304
305,Lily Perry,182237468,lilyperry305@gmail.com,UQGUZXODZD,True,305
306,Lily Brooks,712667453,lilybrooks306@gmail.com,DNCLXCAMHE,True,306
307,Chase Stewart,138406677,chasestewart307@gmail.com,INZQNXIAWY,True,307
308,Allision Cook,313109230,allisioncook308@gmail.com,JTIAFWRCRD,True,308
309,Ken Watson,831894478,kenwatson309@gmail.com,NDIXQILWCR,True,309
310,Ryder Thompson,912728852,ryderthompson310@gmail.com,ZIOCJZXBLD,True,310
311,Gunther Brown,162298299,guntherbrown311@gmail.com,TKEIHSUJCU,True,311
312,Jason Coleman,969446345,jasoncoleman312@gmail.com,MDPGZPCTUZ,True,312
313,Alexandra Robinson,528569236,alexandrarobinson313@gmail.com,YEYIDVDGSD,True,313
314,Ross Lee,777030929,rosslee314@gmail.com,XDHFCXMNGR,True,314
315,Liam Martin,600776741,liammartin315@gmail.com,GVWSGHMOVK,True,315
316,Connor Allen,941217517,connorallen316@gmail.com,NYGWHFCNTX,True,316
317,Dylan Bing,774225317,dylanbing317@gmail.com,FBUHMDELFQ,True,317
318,Jack Turner,401056602,jackturner318@gmail.com,GUTBOUEUDV,True,318
319,Bryce Evans,966956664,bryceevans319@gmail.com,QMOUQIMESE,True,319
320,Joshua Perez,814495052,joshuaperez320@gmail.com,YOFDIQNMNG,True,320
321,Paige Clark,909801743,paigeclark321@gmail.com,LJDDIRCVRV,True,321
322,Lucy Cooper,571182954,lucycooper322@gmail.com,KRCWZKLHRG,True,322
323,Brooke Adams,261004009,brookeadams323@gmail.com,OFAVYDOHFO,True,323
324,Emily Carter,759974104,emilycarter324@gmail.com,YMROUMZDHF,True,324
325,Ken Gonzalez,297092579,kengonzalez325@gmail.com,UDCOXCZWEE,True,325
326,Joey Phillips,432437738,joeyphillips326@gmail.com,YSYRFORPYG,True,326
327,Shawn Lee,952128355,shawnlee327@gmail.com,RCMFOQBVCL,True,327
328,Marty Bell,490298736,martybell328@gmail.com,NXQATEGFCW,True,328
329,Liam Bing,449069081,liambing329@gmail.com,WKWIHINNST,True,329
330,Harper Barnes,256907871,harperbarnes330@gmail.com,YDYVAOYERC,True,330
331,Kaylee Alexander,206928491,kayleealexander331@gmail.com,LOJGIKQTTL,True,331
332,Elise Morris,980963432,elisemorris332@gmail.com,LUGRMBXZXJ,True,332
333,Alyssa Hernadez,394379900,alyssahernadez333@gmail.com,WNGEBXFOAU,True,333
334,Blake Bailey,203939890,blakebailey334@gmail.com,LNMMDAMVTK,True,334
335,Michael Garcia,734991545,michaelgarcia335@gmail.com,LWSHLHGLQP,True,335
336,Joey Ramirez,731334433,joeyramirez336@gmail.com,CTLSQTUBMI,True,336
337,William Clark,876269293,williamclark337@gmail.com,CPOZVXUWER,True,337
338,Paige Hall,834155683,paigehall338@gmail.com,DNRDFDEZPV,True,338
339,James Green,376590076,jamesgreen339@gmail.com,NCSEYRKMWR,True,339
340,Monica Jenkins,630410994,monicajenkins340@gmail.com,EHTWEKHHXB,True,340
341,Ryder Sanders,722230602,rydersanders341@gmail.com,QTUICEMVCN,True,341
342,Jack Phillips,308736779,jackphillips342@gmail.com,ZJTINOTFQN,True,342
343,Nolan Coleman,686198118,nolancoleman343@gmail.com,KWTJBTRGAG,True,343
344,Allision Reed,923772510,allisionreed344@gmail.com,WDWODBJRHE,True,344
345,Julia Harris,602946522,juliaharris345@gmail.com,XPKXUJMQZI,True,345
346,Lucy Brown,482726012,lucybrown346@gmail.com,YIGCVMWCLO,True,346
347,Julia Sanchez,920307631,juliasanchez347@gmail.com,RWVVRFGDNI,True,347
348,Alyssa Howard,579106123,alyssahoward348@gmail.com,XGWELKZDKW,True,348
349,Marty Collins,627038089,martycollins349@gmail.com,GJTHZFEIWL,True,349
350,Scott Carter,802342328,scottcarter350@gmail.com,WMMSXZOQDD,True,350
351,Kayla Diaz,507595672,kayladiaz351@gmail.com,DGJZVOOBQC,True,351
352,Jacob Bing,840696688,jacobbing352@gmail.com,DGHDQWGLAU,True,352
353,Brianna Edwards,605780885,briannaedwards353@gmail.com,NKNKHWARDX,True,353
354,Chloe King,390768423,chloeking354@gmail.com,TYGVXYMMWS,True,354
355,Jacob Hall,408346706,jacobhall355@gmail.com,CUCZOMGHXP,True,355
356,Sophie Howard,452264791,sophiehoward356@gmail.com,EYHWFGBZIA,True,356
357,Sydney Jones,523692791,sydneyjones357@gmail.com,IYNGGXSSAD,True,357
358,Nicholas Rodriquez,860474449,nicholasrodriquez358@gmail.com,NQBDDAIWBR,True,358
359,Molly Richardson,752655556,mollyrichardson359@gmail.com,DSCTADJSQS,True,359
360,Gunther Diaz,749799729,guntherdiaz360@gmail.com,EAWKGADGQV,True,360
361,Sydney Foster,760539097,sydneyfoster361@gmail.com,EPIJZFVJRO,True,361
362,Kylie Hill,648107939,kyliehill362@gmail.com,GFQXEAULBI,True,362
363,Ryan Peterson,864040148,ryanpeterson363@gmail.com,IZCZDVBQHW,True,363
364,Dylan Cox,674986607,dylancox364@gmail.com,OSNEUPTNIG,True,364
365,Shawn Stewart,805800361,shawnstewart365@gmail.com,SDGDWMBYZO,True,365
366,Sarah Rodgers,181334866,sarahrodgers366@gmail.com,RSWBINFNWF,True,366
367,Ian Lopez,675066444,ianlopez367@gmail.com,MPHZAWXZXY,True,367
368,Chandler Hall,424629345,chandlerhall368@gmail.com,CPHHSEZRYX,True,368
369,Paige Bennett,142039384,paigebennett369@gmail.com,GAWXOPEKTV,True,369
370,Allision James,869442306,allisionjames370@gmail.com,EGQJYDGZBH,True,370
371,Aiden Williams,164948224,aidenwilliams371@gmail.com,ECIJMQCJRB,True,371
372,Molly Davis,940069632,mollydavis372@gmail.com,VAHBOPBHTR,True,372
373,Savannah Baker,124466525,savannahbaker373@gmail.com,CWLUPPNILK,True,373
374,Brandon Robinson,436545669,brandonrobinson374@gmail.com,KVSUXDXVVZ,True,374
375,Savannah Russell,192264449,savannahrussell375@gmail.com,LGMBTFPRYM,True,375
376,Monica Barnes,701064964,monicabarnes376@gmail.com,HNJWQZNEVV,True,376
377,Elizabeth Young,884984835,elizabethyoung377@gmail.com,XNUZIPINXP,True,377
378,Ella Walker,337231498,ellawalker378@gmail.com,HHNGVKJAYF,True,378
379,Sarah Bing,257027582,sarahbing379@gmail.com,YVXBVJJXNZ,True,379
380,Leah Bryant,814366565,leahbryant380@gmail.com,SIZURMTVZV,True,380
381,Ross Long,512130105,rosslong381@gmail.com,ATMCZDMTOD,True,381
382,David Williams,473022231,davidwilliams382@gmail.com,HGEVHKOFVW,True,382
383,Logan Jenkins,863260646,loganjenkins383@gmail.com,BTKJIGIHVG,True,383
384,Richard Perry,646726751,richardperry384@gmail.com,WPFCOCFMPP,True,384
385,Austin Barnes,749312197,austinbarnes385@gmail.com,AFDXNVANIQ,True,385
386,Madison Morgan,366231801,madisonmorgan386@gmail.com,TWCFRWMKWJ,True,386
387,Lucy Bennett,475182547,lucybennett387@gmail.com,TCEVQMKQIZ,True,387
388,Emily Ramirez,103611477,emilyramirez388@gmail.com,IVYGPQUXRZ,True,388
389,Hannah Evans,795593183,hannahevans389@gmail.com,CJAESSYCKG,True,389
390,Allision Jones,382726753,allisionjones390@gmail.com,OQDYABAERY,True,390
391,Liam Smith,307641642,liamsmith391@gmail.com,UQFMTATVKU,True,391
392,Paige Cooper,115794843,paigecooper392@gmail.com,TUMFWGVQZI,True,392
393,Kylie Green,181500126,kyliegreen393@gmail.com,RKNMBVKREQ,True,393
394,Ethan Hall,626790346,ethanhall394@gmail.com,EGQLLTXAHM,True,394
395,Blake Carter,869871896,blakecarter395@gmail.com,DUWVCGNBGI,True,395
396,Kylie Cook,174122662,kyliecook396@gmail.com,LERCHKBMBY,True,396
397,Alexandra Hernadez,444696630,alexandrahernadez397@gmail.com,BAXEVXNZNB,True,397
398,Kayla Sanchez,111211510,kaylasanchez398@gmail.com,DKPRIOVMHX,True,398
399,Lily Coleman,217972148,lilycoleman399@gmail.com,ERBPTUEWUM,True,399
400,Sadie Alexander,521611656,sadiealexander400@gmail.com,SZZOXYGUKR,True,400
401,Lucy Adams,807659567,lucyadams401@gmail.com,ZIEABGUUFL,True,401
402,Scott Jackson,595678286,scottjackson402@gmail.com,MQNRLNAJNT,True,402
403,Benjamin Long,537066739,benjaminlong403@gmail.com,VYBGXUMIJU,True,403
404,Scott Morris,757595781,scottmorris404@gmail.com,PSOZRYTCYR,True,404
405,Monica Garcia,737394104,monicagarcia405@gmail.com,CSBYZIBRIC,True,405
406,Blake Bryant,567526038,blakebryant406@gmail.com,MCTFNRRBOD,True,406
407,Bryce Evans,816230162,bryceevans407@gmail.com,DJCECWPXFU,True,407
408,Samantha Scott,269235215,samanthascott408@gmail.com,SRJKJIVKPZ,True,408
409,Nathan Lewis,298503973,nathanlewis409@gmail.com,GBEWHQRRFF,True,409
410,Stella Wilson,707281741,stellawilson410@gmail.com,QUWJVZAOBI,True,410
411,Emma Stewart,567279955,emmastewart411@gmail.com,QXZQTMIINT,True,411
412,Ian Flores,286461293,ianflores412@gmail.com,SOPKAFJTYE,True,412
413,Chloe Patterson,703446867,chloepatterson413@gmail.com,WOLUVLVVZE,True,413
414,Madelyn Thompson,938288990,madelynthompson414@gmail.com,GOVEBJVHLD,True,414
415,Summer Powell,337669624,summerpowell415@gmail.com,IMIFTATYVK,True,415
416,Joshua Cox,387516865,joshuacox416@gmail.com,NXYUCVSUKL,True,416
417,Kaitlyn Davis,784847292,kaitlyndavis417@gmail.com,IXJMANSLUN,True,417
418,Anna Watson,317313396,annawatson418@gmail.com,MOXDXRIMOJ,True,418
419,Sadie Russell,925674408,sadierussell419@gmail.com,MEDJNZINUT,True,419
420,Claire Foster,539568559,clairefoster420@gmail.com,EDCFPQWFJH,True,420
421,Lily Scott,706152317,lilyscott421@gmail.com,JXGNLPCQTF,True,421
422,Hailey Martinez,671454967,haileymartinez422@gmail.com,MUWYQBPAHU,True,422
423,Joshua Harris,629036161,joshuaharris423@gmail.com,UWBQVHSITK,True,423
424,Lucy Jenkins,759312629,lucyjenkins424@gmail.com,IAEZXXLHEG,True,424
425,Lily Foster,661800664,lilyfoster425@gmail.com,JERHYTBMMB,True,425
426,Hailey Bailey,149153380,haileybailey426@gmail.com,AJFZDGLYFT,True,426
427,Ella Martinez,858569506,ellamartinez427@gmail.com,ZKHEMKYRPI,True,427
428,Alexis Allen,497676178,alexisallen428@gmail.com,FWJTOCIEVP,True,428
429,Leah Morgan,566673772,leahmorgan429@gmail.com,XQXHMKLZTN,True,429
430,Isaac Nelson,118141787,isaacnelson430@gmail.com,KVKNLTNFDE,True,430
431,Monica Simmons,356368334,monicasimmons431@gmail.com,MVRYJBMOTN,True,431
432,Ross Carter,873773324,rosscarter432@gmail.com,DFPEAHRCMV,True,432
433,Hannah Bell,219259349,hannahbell433@gmail.com,LOIIPUFPPM,True,433
434,Jake Morgan,735415924,jakemorgan434@gmail.com,YSIFLFFIBT,True,434
435,Claire Robinson,106706998,clairerobinson435@gmail.com,OTMUTFCUAE,True,435
436,David Gonzalez,916451817,davidgonzalez436@gmail.com,KTCTLNMXAV,True,436
437,Joshua Allen,935955491,joshuaallen437@gmail.com,IZAVIHQVOO,True,437
438,Brooke Russell,205664864,brookerussell438@gmail.com,CRQJIYTVNY,True,438
439,Max Patterson,909332646,maxpatterson439@gmail.com,HLBHRRXVMW,True,439
440,Brianna Cox,281786158,briannacox440@gmail.com,RQMBUMJATO,True,440
441,Caleb Wilson,550001637,calebwilson441@gmail.com,NOPUEAYEGE,True,441
442,Summer Garcia,305947332,summergarcia442@gmail.com,QTOPBDJVUF,True,442
443,Brooke Allen,805107502,brookeallen443@gmail.com,ZLRJXSKYQU,True,443
444,Kaylee Davis,188311441,kayleedavis444@gmail.com,JPMVKZPRCE,True,444
445,Lucy Cooper,815446797,lucycooper445@gmail.com,JWRPAVIWQT,True,445
446,Richard Stewart,121180348,richardstewart446@gmail.com,VNOIMYBUNE,True,446
447,Joey White,412347975,joeywhite447@gmail.com,HMCENNCCVA,True,447
448,Brandon Jackson,243211135,brandonjackson448@gmail.com,CFSJWILGGH,True,448
449,Sydney Hughes,389120722,sydneyhughes449@gmail.com,OMOAEKJMAO,True,449
450,Joey Bailey,582355030,joeybailey450@gmail.com,AGLSFAPWQW,True,450
451,Christopher Coleman,389275369,christophercoleman451@gmail.com,EXVTKWEKGB,True,451
452,Elizabeth Wilson,227383233,elizabethwilson452@gmail.com,CGXHBWLUQO,True,452
453,Kaylee Baker,185537100,kayleebaker453@gmail.com,JUUNLKKKYY,True,453
454,Chloe Rodriquez,678403588,chloerodriquez454@gmail.com,ROKUUUGEMX,True,454
455,Connor Nelson,815459338,connornelson455@gmail.com,AQZYMWSCQV,True,455
456,Charlotte Foster,236204600,charlottefoster456@gmail.com,ZXLDNHVOJB,True,456
457,Owen Clark,966642124,owenclark457@gmail.com,AMBYKFXGJP,True,457
458,Olivia Young,777754108,oliviayoung458@gmail.com,PBYPDIFYHB,True,458
459,Jacob Rivera,195795117,jacobrivera459@gmail.com,ILWJEHXZUE,True,459
460,Elizabeth Bailey,688240723,elizabethbailey460@gmail.com,LLZSREZWVJ,True,460
461,Nolan Reed,708956531,nolanreed461@gmail.com,EMBQKKHDHU,True,461
462,Paige Brown,418553984,paigebrown462@gmail.com,WXPDDYSCWI,True,462
463,Kaitlyn Collins,702561441,kaitlyncollins463@gmail.com,XIJCENWGNQ,True,463
464,Banting Smith,280362186,bantingsmith464@gmail.com,ZHLACLKLDZ,True,464
465,James Parker,450913407,jamesparker465@gmail.com,BSGXGZDILD,True,465
466,Gunther Jackson,693506629,guntherjackson466@gmail.com,KMVWCUABMI,True,466
467,Elise Clark,167201944,eliseclark467@gmail.com,EXIKVJAIWQ,True,467
468,Kayla Ross,968030941,kaylaross468@gmail.com,JINJZXNTWN,True,468
469,Hannah Smith,931581991,hannahsmith469@gmail.com,QQHFBPHYHP,True,469
470,Adrian Wood,421217805,adrianwood470@gmail.com,LUMFSLQDAO,True,470
471,Owen Powell,451561373,owenpowell471@gmail.com,TYBZQAOOYU,True,471
472,Allision Washington,679182428,allisionwashington472@gmail.com,YTYLMZQOBX,True,472
473,Ethan Wood,407980748,ethanwood473@gmail.com,GENGXYPEEO,True,473
474,William Rodgers,743888250,williamrodgers474@gmail.com,HWIKDCRSRF,True,474
475,Grace Perry,989566921,graceperry475@gmail.com,FXSQDAFCSF,True,475
476,Hailey Powell,500204985,haileypowell476@gmail.com,YMICSPPNTC,True,476
477,Kaitlyn Clark,866347463,kaitlynclark477@gmail.com,RGYDDLQFND,True,477
478,Jason Perez,540724719,jasonperez478@gmail.com,VQFKAJZBDL,True,478
479,Liam Diaz,943865831,liamdiaz479@gmail.com,CFEBWLFSPB,True,479
480,Caleb Baker,640620316,calebbaker480@gmail.com,DOTELHAPHM,True,480
481,Natalie James,736805404,nataliejames481@gmail.com,VERBUOPLQT,True,481
482,Caleb Thompson,715358370,calebthompson482@gmail.com,KGYYTPHYVH,True,482
483,Connor Campbell,208555455,connorcampbell483@gmail.com,TYNWWHEYEO,True,483
484,Julia James,984318741,juliajames484@gmail.com,GIKWYDUIZU,True,484
485,Ken Perez,728866416,kenperez485@gmail.com,WMKCEWZKQN,True,485
486,Kayla Washington,228985100,kaylawashington486@gmail.com,FVFRBZJOVU,True,486
487,Natalie Peterson,788236223,nataliepeterson487@gmail.com,EDSAYCVSDA,True,487
488,Banting Hall,540855760,bantinghall488@gmail.com,QOWONVEQMX,True,488
489,Monica Jenkins,919956585,monicajenkins489@gmail.com,XPECIVVMWA,True,489
490,Banting Parker,870502396,bantingparker490@gmail.com,ROVEUPACLD,True,490
491,Kaylee Phillips,949809692,kayleephillips491@gmail.com,JADPOERZKD,True,491
492,Jack Rodgers,258201382,jackrodgers492@gmail.com,ZQSWSOTNKN,True,492
493,Molly Reed,109869747,mollyreed493@gmail.com,SBYWZYLDPK,True,493
494,Sebastian Martin,321091923,sebastianmartin494@gmail.com,YGNAMWBSXN,True,494
495,Dylan Foster,572829626,dylanfoster495@gmail.com,VZHYGWYSYF,True,495
496,Abigail Bell,231447652,abigailbell496@gmail.com,EFAIXSSFQM,True,496
497,Monica Turner,603385889,monicaturner497@gmail.com,BWRKAZQTWV,True,497
498,Austin Sanders,624745315,austinsanders498@gmail.com,BMVFFGDPGU,True,498
499,Sophia Brown,737398033,sophiabrown499@gmail.com,EZLJTBDARE,True,499
500,Nathan Russell,221940167,nathanrussell500@gmail.com,PWZEQQREIR,True,500
501,Keira King,953978403,keiraking501@gmail.com,KIWTWMNHJP,True,501
502,Jake Anderson,444317032,jakeanderson502@gmail.com,YZPQKMEKHT,True,502
503,Liam Sanders,311629142,liamsanders503@gmail.com,VSFXOIEDCQ,True,503
504,Ian Ramirez,967902916,ianramirez504@gmail.com,DWQNDNJNRQ,True,504
505,Samantha Parker,230793657,samanthaparker505@gmail.com,PBHDCFUHUI,True,505
506,Charlotte Patterson,710092939,charlottepatterson506@gmail.com,MGLXOBUGWV,True,506
507,William Murphy,819402484,williammurphy507@gmail.com,DTEKYQEHZI,True,507
508,Christopher Flores,441648849,christopherflores508@gmail.com,WPIYXBXPOT,True,508
509,Aiden Walker,688836665,aidenwalker509@gmail.com,RANNNKHWKD,True,509
510,Xavier Allen,415254352,xavierallen510@gmail.com,OBVEAZPJLX,True,510
511,James Russell,369857135,jamesrussell511@gmail.com,EMTORGTZQL,True,511
512,Braden Butler,525917405,bradenbutler512@gmail.com,VUDGBIKQES,True,512
513,Allision Patterson,833888276,allisionpatterson513@gmail.com,RZRIDOFDKN,True,513
514,Sarah Lee,555174799,sarahlee514@gmail.com,WMNAJDIDNE,True,514
515,Emma Flores,951435317,emmaflores515@gmail.com,PWRNFHEDWP,True,515
516,Chandler Garcia,993598159,chandlergarcia516@gmail.com,VIHWJAVWBS,True,516
517,Jack Watson,309998528,jackwatson517@gmail.com,PQRWBEOVCC,True,517
518,Shawn Rodgers,718242699,shawnrodgers518@gmail.com,RPBNYDLGRV,True,518
519,Brooklyn Flores,551495768,brooklynflores519@gmail.com,RBSFTTXPCF,True,519
520,Jake James,321928306,jakejames520@gmail.com,UADXRBUQHW,True,520
521,Sebastian Brown,905270404,sebastianbrown521@gmail.com,GHODSJDIEE,True,521
522,Claire Lewis,626346182,clairelewis522@gmail.com,JHTLTCUZAQ,True,522
523,Chase Evans,148074356,chaseevans523@gmail.com,NZZYNLHTMQ,True,523
524,Benjamin Ward,161079595,benjaminward524@gmail.com,ATJQAOTYLO,True,524
525,James Hill,471408112,jameshill525@gmail.com,LSCWNKSFKK,True,525
526,Alexandra Jackson,293359990,alexandrajackson526@gmail.com,PQMSHQKHZM,True,526
527,Banting Parker,669312681,bantingparker527@gmail.com,HNVGEYQTCU,True,527
528,Caleb Long,186888824,caleblong528@gmail.com,CKPUPPGJCN,True,528
529,Scott Williams,271058623,scottwilliams529@gmail.com,GJCUFMLGIX,True,529
530,Gunther Walker,858119268,guntherwalker530@gmail.com,SQWZVIOZWJ,True,530
531,Samantha Reed,896819094,samanthareed531@gmail.com,OURJVVLRQZ,True,531
532,Ryder Sanders,341602148,rydersanders532@gmail.com,DQRPHMCYBX,True,532
533,Julia Richardson,803326684,juliarichardson533@gmail.com,ZYDXXYGXZU,True,533
534,Blake Scott,821925663,blakescott534@gmail.com,DJVFKKPUFD,True,534
535,Scarlett Flores,686641912,scarlettflores535@gmail.com,JJSQSENFQW,True,535
536,Summer Rodgers,392488371,summerrodgers536@gmail.com,HNFEAKPGVD,True,536
537,Sophie Ward,503729227,sophieward537@gmail.com,XFJYEUNTGE,True,537
538,Lily Hernadez,240652538,lilyhernadez538@gmail.com,XAUIVFFEMB,True,538
539,Logan Cox,853525083,logancox539@gmail.com,LUAQJZVOMZ,True,539
540,Nicholas Perry,118773477,nicholasperry540@gmail.com,MCXZZVWDIK,True,540
541,Emily Bennett,409582615,emilybennett541@gmail.com,BEOLSEUHFY,True,541
542,Samantha Watson,446587373,samanthawatson542@gmail.com,NTHYIVOBGA,True,542
543,Kaylee Williams,852019093,kayleewilliams543@gmail.com,OTHCQZEDRB,True,543
544,Harper Lee,604702233,harperlee544@gmail.com,QPARJKCSBT,True,544
545,Harper Green,600645261,harpergreen545@gmail.com,CBGFXHNQTL,True,545
546,Claire Ward,523892287,claireward546@gmail.com,TPIHQUWCKM,True,546
547,Leah Davis,424313104,leahdavis547@gmail.com,LQFBWLHRSK,True,547
548,Harper Jackson,554694946,harperjackson548@gmail.com,KLMYKPMCMW,True,548
549,Ken Clark,369656604,kenclark549@gmail.com,PJTRIUCSPK,True,549
550,Olivia Perry,579231465,oliviaperry550@gmail.com,CZZSIIQTOO,True,550
551,Jake Stewart,921449122,jakestewart551@gmail.com,LCZSVJAHNX,True,551
552,Owen Flores,885143188,owenflores552@gmail.com,IRCLGVBRDE,True,552
553,Kaitlyn Jones,173249546,kaitlynjones553@gmail.com,IHCQRUIMOB,True,553
554,Bryce Griffin,515469726,brycegriffin554@gmail.com,ZQZHLCEXXO,True,554
555,Jason Ramirez,316669761,jasonramirez555@gmail.com,TONROGDOUH,True,555
556,Alexis Lee,427632220,alexislee556@gmail.com,NKVBRQCNZF,True,556
557,Owen King,396242676,owenking557@gmail.com,VVVDCEQMYK,True,557
558,Isabella Edwards,250549547,isabellaedwards558@gmail.com,NVKRUWTUKD,True,558
559,Sydney Brooks,596494803,sydneybrooks559@gmail.com,DNKBSGHIQX,True,559
560,Adrian Miller,937433665,adrianmiller560@gmail.com,PGUDBETXWD,True,560
561,Connor Cook,140780258,connorcook561@gmail.com,YZAJWRRHVN,True,561
562,Sydney Kelly,732513659,sydneykelly562@gmail.com,ZENDZPYSPE,True,562
563,Kayla Perry,270590226,kaylaperry563@gmail.com,DPTMCBVYXI,True,563
564,Shawn Sanders,830717396,shawnsanders564@gmail.com,EENETJOTXN,True,564
565,Sebastian Jones,518435256,sebastianjones565@gmail.com,LNJUJAHGYK,True,565
566,Joey Hernadez,128254987,joeyhernadez566@gmail.com,JNWEETWNYP,True,566
567,Savannah Adams,722590719,savannahadams567@gmail.com,IBSBCXIODM,True,567
568,Sadie Brooks,111962613,sadiebrooks568@gmail.com,OMFDALGLIL,True,568
569,Elizabeth Evans,868532886,elizabethevans569@gmail.com,VFOEPLZOYE,True,569
570,Xavier Jackson,658946946,xavierjackson570@gmail.com,IALFQUIRSQ,True,570
571,Scarlett Anderson,589868931,scarlettanderson571@gmail.com,EPMQNMSIZC,True,571
572,Brooklyn Jones,169345990,brooklynjones572@gmail.com,TZUYVPPEKC,True,572
573,Kylie Thomas,864717614,kyliethomas573@gmail.com,SQGQLWUQNM,True,573
574,Jacob Cooper,532722291,jacobcooper574@gmail.com,IIPEWRHFEK,True,574
575,Gunther Gonzalez,912345690,gunthergonzalez575@gmail.com,SZQQUSHUDQ,True,575
576,Ryan Allen,558683031,ryanallen576@gmail.com,GFSDHTZFIM,True,576
577,Adrian White,774327088,adrianwhite577@gmail.com,VXOPIIFZUE,True,577
578,Allision Morris,543372122,allisionmorris578@gmail.com,TGIZHSHMTW,True,578
579,Richard Johnson,560434332,richardjohnson579@gmail.com,FQRGMLGMBT,True,579
580,Jordan Butler,947515824,jordanbutler580@gmail.com,JVIDXOSGRK,True,580
581,Keira Bryant,869046885,keirabryant581@gmail.com,GLKAEDBYAJ,True,581
582,Dylan Bing,214617735,dylanbing582@gmail.com,KAUGMVJMRO,True,582
583,Grace Clark,817232219,graceclark583@gmail.com,UUEJXTNAIP,True,583
584,Emily Bryant,691827157,emilybryant584@gmail.com,MYSJHJHNYZ,True,584
585,Isabella Peterson,936670144,isabellapeterson585@gmail.com,BQDDAZQDUA,True,585
586,Isaac Rodriquez,111675906,isaacrodriquez586@gmail.com,MPAKCGNDRW,True,586
587,Bryce Simmons,268352601,brycesimmons587@gmail.com,VMSKKANCZD,True,587
588,Kaitlyn Sanders,387856958,kaitlynsanders588@gmail.com,RVIZYXTRGX,True,588
589,Allision Lee,605255901,allisionlee589@gmail.com,GAYCERBBXB,True,589
590,Banting Perry,359009691,bantingperry590@gmail.com,HMYWEKOZKG,True,590
591,Nathan Hall,996245694,nathanhall591@gmail.com,OJGODFODDN,True,591
592,Brianna Lewis,353179680,briannalewis592@gmail.com,QCSKYKJPCE,True,592
593,Kylie Watson,644157733,kyliewatson593@gmail.com,GBEZFMPPRM,True,593
594,William Griffin,916091417,williamgriffin594@gmail.com,JEAKDTMOSQ,True,594
595,Keira Nelson,977993218,keiranelson595@gmail.com,APNVMOCVMY,True,595
596,Caleb Morris,677068955,calebmorris596@gmail.com,FFTBSCMLQP,True,596
597,Alexis Bennett,275997147,alexisbennett597@gmail.com,EDDQWIUNIU,True,597
598,Chandler Thomas,121301697,chandlerthomas598@gmail.com,KMNZUCOTWD,True,598
599,Kaitlyn Evans,186266976,kaitlynevans599@gmail.com,SWEMIZSMDC,True,599
600,Sydney Green,572390273,sydneygreen600@gmail.com,PWBRGHHIXP,True,600
601,Marty Mitchell,801301566,martymitchell601@gmail.com,NXCDYVDLZV,True,601
602,Hailey Jones,412350490,haileyjones602@gmail.com,CLHURRDCBX,True,602
603,Jack Reed,686162058,jackreed603@gmail.com,RIFGWRGTMP,True,603
604,Chase Hughes,710709657,chasehughes604@gmail.com,MDLXSXYVXA,True,604
605,Christopher Martinez,989362532,christophermartinez605@gmail.com,UQLYBYUUIF,True,605
606,Austin Alexander,852103132,austinalexander606@gmail.com,XUDZSBNAXI,True,606
607,Aiden Price,120425574,aidenprice607@gmail.com,LXIZYWPYBM,True,607
608,Keira Stewart,640527254,keirastewart608@gmail.com,IKAQISVMYE,True,608
609,Ken Flores,603124035,kenflores609@gmail.com,BSGXOCAOWC,True,609
610,Dylan Kelly,757986729,dylankelly610@gmail.com,VUUYTXKVZU,True,610
611,Brooklyn Cook,653305131,brooklyncook611@gmail.com,KKZVOWHXRQ,True,611
612,Lily Bennett,852870553,lilybennett612@gmail.com,CTBPOAEFWE,True,612
613,Allision Barnes,690115213,allisionbarnes613@gmail.com,EECCARLACQ,True,613
614,Chase Thomas,648978978,chasethomas614@gmail.com,NKZDXARWZM,True,614
615,Scarlett Wood,168386779,scarlettwood615@gmail.com,PMAQGCPOYX,True,615
616,Brandon Morgan,926162521,brandonmorgan616@gmail.com,XITVHKVDTZ,True,616
617,Aiden Hernadez,915281439,aidenhernadez617@gmail.com,OWLGXHMQCT,True,617
618,Ella Sanchez,578763067,ellasanchez618@gmail.com,NWPUPVIXYS,True,618
619,Scarlett Diaz,894047250,scarlettdiaz619@gmail.com,RBMDVFETXR,True,619
620,Christopher Sanders,506759350,christophersanders620@gmail.com,WXAWNEXPHI,True,620
621,Kylie Flores,859902385,kylieflores621@gmail.com,FJSEZYGYTW,True,621
622,Sebastian Brooks,434733760,sebastianbrooks622@gmail.com,XZEAKEZDSH,True,622
623,Caleb Sanders,506706711,calebsanders623@gmail.com,PUZTZCLYHW,True,623
624,Sophia Hernadez,609523194,sophiahernadez624@gmail.com,IDBHFQFBUS,True,624
625,Claire Stewart,662701250,clairestewart625@gmail.com,SESUZVUVRB,True,625
626,Kaitlyn Jones,336689251,kaitlynjones626@gmail.com,BEQLBALAUX,True,626
627,Marty Jones,525188255,martyjones627@gmail.com,CWYWOEOADG,True,627
628,Lucy Young,948626196,lucyyoung628@gmail.com,ERDBSNATJO,True,628
629,Chloe Cox,554729071,chloecox629@gmail.com,VQSOSEJUUN,True,629
630,Ken Russell,335276735,kenrussell630@gmail.com,GXUDGLQRAA,True,630
631,Kaitlyn Jones,382685883,kaitlynjones631@gmail.com,IQMPDNBJRS,True,631
632,Jake Roberts,753025390,jakeroberts632@gmail.com,XMMNDZPHMV,True,632
633,Kayla Barnes,457105145,kaylabarnes633@gmail.com,ASOGSRNOTS,True,633
634,Chase Edwards,988044058,chaseedwards634@gmail.com,JGTFDJPYMT,True,634
635,Alexandra Jackson,246214257,alexandrajackson635@gmail.com,JYNXJOTCLD,True,635
636,Sophia James,556696394,sophiajames636@gmail.com,SDMKDNBARL,True,636
637,Elizabeth Thomas,528455675,elizabeththomas637@gmail.com,RCMZZOZPJK,True,637
638,Anna Henderson,206522561,annahenderson638@gmail.com,EKLCMNSTXP,True,638
639,Jason Rodgers,702464623,jasonrodgers639@gmail.com,GERVNYDTVG,True,639
640,Nathan Peterson,184567011,nathanpeterson640@gmail.com,JJUGPUVCHG,True,640
641,Xavier Jenkins,991250331,xavierjenkins641@gmail.com,PMGFGSTKJR,True,641
642,Christopher Thompson,627825345,christopherthompson642@gmail.com,AWPZKQCWSJ,True,642
643,Brooklyn Peterson,784732922,brooklynpeterson643@gmail.com,FNTFWYCVJY,True,643
644,Lily Alexander,847269170,lilyalexander644@gmail.com,ZDTKZCURHZ,True,644
645,William Reed,705704559,williamreed645@gmail.com,EJGOROBNWJ,True,645
646,Joey Reed,243375140,joeyreed646@gmail.com,DAFSEOOMMV,True,646
647,Ella Gonzalez,663064465,ellagonzalez647@gmail.com,UMXWJVEFCL,True,647
648,Madison Smith,995178754,madisonsmith648@gmail.com,WEVPVEYBTK,True,648
649,Grace Bailey,847704637,gracebailey649@gmail.com,LTSGESIWGQ,True,649
650,Elizabeth Smith,151830696,elizabethsmith650@gmail.com,CCAEABWKXF,True,650
651,Marty Lewis,761787515,martylewis651@gmail.com,IIZPBMYRKA,True,651
652,Savannah Diaz,697234078,savannahdiaz652@gmail.com,WNVPQEQFJH,True,652
653,Olivia Sanders,227254445,oliviasanders653@gmail.com,USLMCRVPSQ,True,653
654,Anna Edwards,679507625,annaedwards654@gmail.com,BDNMDRJNKW,True,654
655,Ethan Clark,712487887,ethanclark655@gmail.com,MYFQYBIOWD,True,655
656,Olivia Adams,466567805,oliviaadams656@gmail.com,YGNPCYKTIL,True,656
657,Samantha Cox,905643778,samanthacox657@gmail.com,EJBSUYPVJI,True,657
658,Aiden Lopez,176638863,aidenlopez658@gmail.com,VLKWEALETW,True,658
659,Benjamin Hernadez,148008406,benjaminhernadez659@gmail.com,MAYMDFJLZQ,True,659
660,Olivia Washington,752673280,oliviawashington660@gmail.com,MDZCBDOFJC,True,660
661,Chandler Hill,426914877,chandlerhill661@gmail.com,YOFVJKRWHF,True,661
662,Ryan Rodriquez,171799376,ryanrodriquez662@gmail.com,IIPMUCERSL,True,662
663,Claire Baker,185798182,clairebaker663@gmail.com,FPMRKFFAAL,True,663
664,Jake Brown,367847299,jakebrown664@gmail.com,HERNQVHCPW,True,664
665,Marty Gray,475300846,martygray665@gmail.com,TIQRFIWFCM,True,665
666,Paige Moore,900279739,paigemoore666@gmail.com,YNPZCOPERS,True,666
667,Ryan Alexander,495765407,ryanalexander667@gmail.com,LZZBZGNNKN,True,667
668,Elise Collins,702071154,elisecollins668@gmail.com,BSLUHPSIMZ,True,668
669,Natalie Butler,502764721,nataliebutler669@gmail.com,LUFDCESZYO,True,669
670,David Gray,611690384,davidgray670@gmail.com,THQGATVWIB,True,670
671,Brandon Lewis,497706846,brandonlewis671@gmail.com,XHMZUYTQSK,True,671
672,Benjamin Gonzalez,808758877,benjamingonzalez672@gmail.com,YWHGLSJLWL,True,672
673,Ryder Price,876298442,ryderprice673@gmail.com,AAMBHHZBHI,True,673
674,Alexis Hernadez,809480238,alexishernadez674@gmail.com,HVXSBBMKRV,True,674
675,Xavier Wright,515509018,xavierwright675@gmail.com,XGWRPMQCIM,True,675
676,Jacob Ross,332077039,jacobross676@gmail.com,BUXBKVRQBD,True,676
677,Richard Hughes,650000837,richardhughes677@gmail.com,ZNCIGICOWE,True,677
678,Madison Martin,659437539,madisonmartin678@gmail.com,YRBSXUXWNB,True,678
679,Aiden Lewis,903818634,aidenlewis679@gmail.com,SKXTZMFYKK,True,679
680,Chandler Brooks,519326109,chandlerbrooks680@gmail.com,LOAWDNKFZE,True,680
681,Ryder Reed,673624784,ryderreed681@gmail.com,RAEHNSQJMO,True,681
682,Stella Morris,530009500,stellamorris682@gmail.com,CZMMKLYQFW,True,682
683,Logan Stewart,200921559,loganstewart683@gmail.com,MJTXOUFXZO,True,683
684,Ross Hall,502898375,rosshall684@gmail.com,DDSFKKQNXG,True,684
685,Brooklyn Alexander,573489219,brooklynalexander685@gmail.com,GNDDUTXEDP,True,685
686,Brooklyn Brooks,685451803,brooklynbrooks686@gmail.com,LGPIMCCJOB,True,686
687,Ryan Jones,625770945,ryanjones687@gmail.com,MVLNMGIGMD,True,687
688,Kaylee Simmons,777597519,kayleesimmons688@gmail.com,GQIRUBYJGV,True,688
689,Jacob White,375556170,jacobwhite689@gmail.com,MDQMLMNCNQ,True,689
690,Connor Walker,779646450,connorwalker690@gmail.com,QCELAFSULM,True,690
691,Gunther Cooper,651052615,gunthercooper691@gmail.com,MKLSGOYJWD,True,691
692,Austin Martin,451816811,austinmartin692@gmail.com,ZIBENSTFLZ,True,692
693,Sophia Ramirez,158514154,sophiaramirez693@gmail.com,UDQVIYEOJD,True,693
694,Banting Williams,949791342,bantingwilliams694@gmail.com,JWDUYYGQOT,True,694
695,Savannah Garcia,757652133,savannahgarcia695@gmail.com,MSHMXYNPGM,True,695
696,Braden Washington,919450954,bradenwashington696@gmail.com,DLUIFFRZKS,True,696
697,Julia Parker,542027163,juliaparker697@gmail.com,JGNOTEKJUF,True,697
698,Lucy Rivera,516885622,lucyrivera698@gmail.com,HGDHBPYFRT,True,698
699,Jason Ward,471968324,jasonward699@gmail.com,VFYQAENMTA,True,699
700,Nicholas Gonzalez,805424819,nicholasgonzalez700@gmail.com,VDQPQEZKCW,True,700
701,William Brown,747609732,williambrown701@gmail.com,KQDOQHUCHG,True,701
702,Stella Bennett,960993310,stellabennett702@gmail.com,AJPVLAQIMQ,True,702
703,Max Hall,592414033,maxhall703@gmail.com,MITLQYQGOW,True,703
704,David Powell,336014253,davidpowell704@gmail.com,ZNFWHABDFN,True,704
705,Max Campbell,654123848,maxcampbell705@gmail.com,YEQKIYNJCH,True,705
706,Charlotte Parker,953028636,charlotteparker706@gmail.com,EALNCIEUPF,True,706
707,Owen Richardson,820935634,owenrichardson707@gmail.com,TTXXIESYAS,True,707
708,Bryce Wood,417774205,brycewood708@gmail.com,ABNERBQDCD,True,708
709,Scott Alexander,263998606,scottalexander709@gmail.com,PDOZLAIDER,True,709
710,Lucas Coleman,480410848,lucascoleman710@gmail.com,AWCQIXKCRG,True,710
711,Madelyn Sanders,816566967,madelynsanders711@gmail.com,VHKLZSYNUF,True,711
712,Summer Bell,346206238,summerbell712@gmail.com,IBQZKZQLLX,True,712
713,Brandon Gonzalez,272820228,brandongonzalez713@gmail.com,ZDWZADTSIJ,True,713
714,Anna Baker,628682296,annabaker714@gmail.com,ENEATDEUNS,True,714
715,Monica Wilson,179048496,monicawilson715@gmail.com,YGIUPLTCXD,True,715
716,Alexis Howard,896905376,alexishoward716@gmail.com,JMDRGEFEHE,True,716
717,Ryan Sanders,970877815,ryansanders717@gmail.com,MNYTZUBZIZ,True,717
718,Jason Sanchez,682899805,jasonsanchez718@gmail.com,JPJCKBAZKK,True,718
719,Elizabeth Wright,794358079,elizabethwright719@gmail.com,HQTZHKNTHS,True,719
720,Ryder Baker,789849041,ryderbaker720@gmail.com,WHTYMZDPMV,True,720
721,Shawn Wilson,374508794,shawnwilson721@gmail.com,HIHUWZMBCS,True,721
722,Michael Robinson,718167887,michaelrobinson722@gmail.com,EVSKWBGSQT,True,722
723,Brianna Jenkins,426514983,briannajenkins723@gmail.com,AGFPHCBYLP,True,723
724,Shawn Carter,723118269,shawncarter724@gmail.com,HMPXGTWWDW,True,724
725,Lauren Baker,960637767,laurenbaker725@gmail.com,GBVMKZLOPP,True,725
726,Jack Rodriquez,145890034,jackrodriquez726@gmail.com,QOKIEKDAHQ,True,726
727,Shawn Robinson,750244723,shawnrobinson727@gmail.com,RQIABPZMDE,True,727
728,Alyssa Howard,926507099,alyssahoward728@gmail.com,LZKXGCGVPH,True,728
729,Kayla Smith,151828105,kaylasmith729@gmail.com,UZNJBCNTSD,True,729
730,Sydney Diaz,596058062,sydneydiaz730@gmail.com,FVRIRWYUFF,True,730
731,Elise Simmons,790049875,elisesimmons731@gmail.com,NXTEFTBRTY,True,731
732,Hannah Anderson,233115215,hannahanderson732@gmail.com,OAFGJCHEGH,True,732
733,Scott Price,287469215,scottprice733@gmail.com,GHJXNSEEHI,True,733
734,Ken Jones,198393814,kenjones734@gmail.com,BBKCBGTZHJ,True,734
735,Joshua Barnes,771716376,joshuabarnes735@gmail.com,TVPGMNUUMA,True,735
736,Sophia Bryant,712631473,sophiabryant736@gmail.com,KTFDEGFBOG,True,736
737,Sydney Edwards,937595465,sydneyedwards737@gmail.com,DAEZTWBEOD,True,737
738,Jordan Morris,864907305,jordanmorris738@gmail.com,OAUWUZSXVP,True,738
739,Nathan Campbell,848774525,nathancampbell739@gmail.com,QMXSFZXQBU,True,739
740,Ryan Jackson,620460581,ryanjackson740@gmail.com,SJUOTOROHP,True,740
741,Gunther Sanders,864516168,gunthersanders741@gmail.com,TIDTHUQMBX,True,741
742,Lucy Torres,307996739,lucytorres742@gmail.com,SHUUVCBSGB,True,742
743,Ken Adams,613598912,kenadams743@gmail.com,PXEYZMASFP,True,743
744,Molly Bryant,895145321,mollybryant744@gmail.com,LWFEUHQEDO,True,744
745,Jordan Torres,963079482,jordantorres745@gmail.com,QHEYFEKRBB,True,745
746,Aiden Harris,404846376,aidenharris746@gmail.com,LXDPBAQKHE,True,746
747,Dylan Simmons,278996583,dylansimmons747@gmail.com,POVRGBMJVW,True,747
748,Monica Anderson,529831857,monicaanderson748@gmail.com,IMENCISQHE,True,748
749,Caleb Lewis,870742845,caleblewis749@gmail.com,RLYTKPPVJN,True,749
750,Liam Garcia,860746756,liamgarcia750@gmail.com,ZBNHLZRMGF,True,750
751,Nicholas Cox,948573138,nicholascox751@gmail.com,OPIOWXVPNH,True,751
752,Marty Butler,859127356,martybutler752@gmail.com,QNRMJSIIAQ,True,752
753,Noah Moore,722527541,noahmoore753@gmail.com,UEXHKYOHEA,True,753
754,Owen Peterson,682119281,owenpeterson754@gmail.com,NWHCQBOAXY,True,754
755,Summer Torres,530916025,summertorres755@gmail.com,PXPCDZNFFW,True,755
756,Madelyn Reed,129441844,madelynreed756@gmail.com,VYGEPBMFPW,True,756
757,Scott Carter,634478326,scottcarter757@gmail.com,GBEKHAACPQ,True,757
758,Kaylee Thompson,869295762,kayleethompson758@gmail.com,MZTUQBLLLW,True,758
759,Liam Edwards,375376484,liamedwards759@gmail.com,HXMICGQUFC,True,759
760,Isaac Simmons,608233814,isaacsimmons760@gmail.com,CXAULQSDSI,True,760
761,Jack Green,302783913,jackgreen761@gmail.com,NKBCMFFOFG,True,761
762,Joshua Walker,894428533,joshuawalker762@gmail.com,AIJTVKEMVW,True,762
763,Noah Hill,365946100,noahhill763@gmail.com,LCHTJFKBIK,True,763
764,Joshua Evans,667940542,joshuaevans764@gmail.com,XYATSNFYIJ,True,764
765,Lucy Richardson,690360972,lucyrichardson765@gmail.com,MWLTZRLHWL,True,765
766,Bryce Bing,683451751,brycebing766@gmail.com,MEBXPNNCIU,True,766
767,Braden Reed,158737023,bradenreed767@gmail.com,SPSHKQUSWH,True,767
768,Harper Morris,174426413,harpermorris768@gmail.com,XSCSYKEDQL,True,768
769,Brooke Peterson,856965918,brookepeterson769@gmail.com,TMSMYDNTYG,True,769
770,Sebastian Bing,466417022,sebastianbing770@gmail.com,PTOLTRYWON,True,770
771,Leah Morgan,959309909,leahmorgan771@gmail.com,PNOECOJPOY,True,771
772,Stella Miller,205970510,stellamiller772@gmail.com,ZKKUWSYUAG,True,772
773,Richard Jackson,834125279,richardjackson773@gmail.com,VCXJRPUXRP,True,773
774,Chandler Hall,273897497,chandlerhall774@gmail.com,VLLMGXTCUS,True,774
775,Ian Cooper,925332872,iancooper775@gmail.com,YBHDRTWOWR,True,775
776,Olivia Sanders,166512054,oliviasanders776@gmail.com,ZKOPRGZKKI,True,776
777,Lucas Perry,204568974,lucasperry777@gmail.com,UYWJJOEFSX,True,777
778,Sadie Miller,531369661,sadiemiller778@gmail.com,WWQBISQYQI,True,778
779,Jacob Clark,760038786,jacobclark779@gmail.com,MKVWTEIZVD,True,779
780,Nicholas Ramirez,655791391,nicholasramirez780@gmail.com,RKBFYDHNOY,True,780
781,Savannah Henderson,866893450,savannahhenderson781@gmail.com,SNXDYKRUEO,True,781
782,Sydney Brown,320412865,sydneybrown782@gmail.com,HGBBLGJUJA,True,782
783,Austin Phillips,155764254,austinphillips783@gmail.com,IDRNDIRSDA,True,783
784,Brandon Miller,291081348,brandonmiller784@gmail.com,UQXHVXHVGF,True,784
785,Sophie Bell,647484923,sophiebell785@gmail.com,JYIPXZIVNI,True,785
786,Owen Brooks,930922517,owenbrooks786@gmail.com,WKDWMZSLWM,True,786
787,Kayla Edwards,510587672,kaylaedwards787@gmail.com,JPCETWCFVU,True,787
788,Paige Kelly,605349932,paigekelly788@gmail.com,NYUIJOHAFI,True,788
789,Chase Hughes,667477788,chasehughes789@gmail.com,ZDUXGFNIFS,True,789
790,Scarlett Hughes,742274532,scarletthughes790@gmail.com,ZZKIPQOPFE,True,790
791,Jake Taylor,178153146,jaketaylor791@gmail.com,IHBXSJDTOJ,True,791
792,Brooke Allen,168299703,brookeallen792@gmail.com,PQKPGBYBNO,True,792
793,Stella Morris,589530821,stellamorris793@gmail.com,NSUDZVMKJA,True,793
794,Gunther Lopez,340540711,guntherlopez794@gmail.com,JJHHKKHNCX,True,794
795,Aiden Gray,417676668,aidengray795@gmail.com,EPCBTMPSSZ,True,795
796,Ryan Rodgers,970087633,ryanrodgers796@gmail.com,XQCXQJRNGB,True,796
797,Aiden Mitchell,942050638,aidenmitchell797@gmail.com,UGYOBONLTO,True,797
798,Kaylee Davis,945658368,kayleedavis798@gmail.com,UICSZJGKTM,True,798
799,Marty Powell,304784348,martypowell799@gmail.com,PGXPMWOYFE,True,799
800,Madison Patterson,379627730,madisonpatterson800@gmail.com,NFHVXXWBZL,True,800
801,Julia Powell,346109353,juliapowell801@gmail.com,PRITPJVPAH,True,801
802,Charlotte Allen,204570169,charlotteallen802@gmail.com,DFPTRQGMLU,True,802
803,Olivia Garcia,672865938,oliviagarcia803@gmail.com,NKMVFDZYCK,True,803
804,Brianna Collins,504325823,briannacollins804@gmail.com,GRCOVXIARJ,True,804
805,Ross Walker,901436845,rosswalker805@gmail.com,MLSIKLYHIU,True,805
806,Adrian Morgan,842602627,adrianmorgan806@gmail.com,VEUZBLGALM,True,806
807,Joey Perez,125002076,joeyperez807@gmail.com,RLAPCCVBKT,True,807
808,Ella Torres,548630044,ellatorres808@gmail.com,VDJVSQYZKN,True,808
809,Elise Harris,756786408,eliseharris809@gmail.com,PKLZIEUHPZ,True,809
810,Harper Turner,464403970,harperturner810@gmail.com,CAACTZBAGL,True,810
811,Nathan Phillips,924872869,nathanphillips811@gmail.com,NZABHVPKNG,True,811
812,Sarah Adams,203108665,sarahadams812@gmail.com,SUADXGTRWJ,True,812
813,Ross White,209256976,rosswhite813@gmail.com,RZCYZZAZVY,True,813
814,Elise Jackson,719585091,elisejackson814@gmail.com,BNQTUZLCYI,True,814
815,Shawn Flores,741340362,shawnflores815@gmail.com,SCOOEBTZJM,True,815
816,Logan Davis,982371046,logandavis816@gmail.com,DLONCLPLSC,True,816
817,Shawn Cook,838664279,shawncook817@gmail.com,OLEGNOOZTY,True,817
818,Ethan Wilson,174864751,ethanwilson818@gmail.com,YDCZMRJUYX,True,818
819,Jason Bennett,120455619,jasonbennett819@gmail.com,DNMWJFKGJU,True,819
820,Nolan Scott,759438453,nolanscott820@gmail.com,OXGQIRHGVM,True,820
821,Sophia Foster,272864079,sophiafoster821@gmail.com,GCRNMMEFGT,True,821
822,Summer Carter,553387089,summercarter822@gmail.com,ZFJJMVLMYN,True,822
823,Sarah Evans,506948624,sarahevans823@gmail.com,EWCSUXJNIR,True,823
824,Dylan Hughes,214691386,dylanhughes824@gmail.com,UXPJWPUQGT,True,824
825,Emma Harris,388263875,emmaharris825@gmail.com,KVOBJTVWYD,True,825
826,Noah Reed,891010206,noahreed826@gmail.com,MSMAWYCTUT,True,826
827,Sydney Bryant,616439688,sydneybryant827@gmail.com,NBMZRSPYOD,True,827
828,Abigail Barnes,593584568,abigailbarnes828@gmail.com,WSJLLIUSZF,True,828
829,David Griffin,856220827,davidgriffin829@gmail.com,JFNVJHMQVE,True,829
830,Sadie Wright,955245238,sadiewright830@gmail.com,ERPONMIXIP,True,830
831,Richard Sanders,224461415,richardsanders831@gmail.com,OWVTKMXAXG,True,831
832,Brooke Ross,258910604,brookeross832@gmail.com,WODCJAUOPY,True,832
833,Logan Hall,326585312,loganhall833@gmail.com,DBZILYEAJN,True,833
834,Kylie Jenkins,480411055,kyliejenkins834@gmail.com,QVNPPCPYRX,True,834
835,Owen Peterson,409682038,owenpeterson835@gmail.com,MQTMJDECJE,True,835
836,Sophia Brown,762323281,sophiabrown836@gmail.com,HAPZZGYLFK,True,836
837,Noah Ramirez,647546926,noahramirez837@gmail.com,XPDRRHNFFP,True,837
838,Claire Jackson,651438429,clairejackson838@gmail.com,VRRKRZDGGS,True,838
839,Connor Hughes,389644501,connorhughes839@gmail.com,GWEGYONFTW,True,839
840,Richard Jackson,804882294,richardjackson840@gmail.com,KELRURGQKA,True,840
841,Grace Wilson,905920441,gracewilson841@gmail.com,QCHILAALPN,True,841
842,Adrian Walker,961957627,adrianwalker842@gmail.com,DLXPBPFZNA,True,842
843,Joey Anderson,848563522,joeyanderson843@gmail.com,IBZSQYIDEJ,True,843
844,Sarah Robinson,303073818,sarahrobinson844@gmail.com,GVENBMUILU,True,844
845,Benjamin White,817401661,benjaminwhite845@gmail.com,TQPJLXMKUL,True,845
846,Lucy Roberts,975044480,lucyroberts846@gmail.com,LRMBOYQAXV,True,846
847,David Perry,959042725,davidperry847@gmail.com,STVNAZKVXJ,True,847
848,Allision Moore,869945728,allisionmoore848@gmail.com,YASDKBYTGO,True,848
849,Liam Evans,599200347,liamevans849@gmail.com,CCBEVFCBWF,True,849
850,Joey Ramirez,435305621,joeyramirez850@gmail.com,HLRFNSLNPE,True,850
851,Sydney Lopez,231423353,sydneylopez851@gmail.com,VPTJHHUQCP,True,851
852,Jacob Wright,867185886,jacobwright852@gmail.com,JAAQWRJIAR,True,852
853,Owen Kelly,925202749,owenkelly853@gmail.com,ELOURMXBZM,True,853
854,Hannah Bing,545345894,hannahbing854@gmail.com,JQPLIJDVUP,True,854
855,Connor Foster,206763651,connorfoster855@gmail.com,CJOINYDIIU,True,855
856,Brooke Rivera,792722262,brookerivera856@gmail.com,TWXLUMHLAQ,True,856
857,Austin Turner,697621543,austinturner857@gmail.com,RYQXUIMOQO,True,857
858,Molly Scott,558174552,mollyscott858@gmail.com,IZVWMWPYFX,True,858
859,Lucas Williams,216061947,lucaswilliams859@gmail.com,WDHOHWVYYE,True,859
860,Jacob Baker,110426639,jacobbaker860@gmail.com,BKMEYHCWPB,True,860
861,Scarlett Price,326162939,scarlettprice861@gmail.com,CDBDZKSDES,True,861
862,Chloe Lopez,531417507,chloelopez862@gmail.com,YQVNRQHVRD,True,862
863,Sebastian Diaz,692409215,sebastiandiaz863@gmail.com,XOQUTTPRFU,True,863
864,Abigail Scott,801541169,abigailscott864@gmail.com,XDRSHODUJA,True,864
865,Aiden James,339942554,aidenjames865@gmail.com,TINYEIMHPW,True,865
866,Austin Allen,765962264,austinallen866@gmail.com,UBVZETAQBP,True,866
867,Summer Campbell,876523351,summercampbell867@gmail.com,WTLIVWRNVU,True,867
868,Alyssa Clark,728845920,alyssaclark868@gmail.com,JIBDFZMFUD,True,868
869,Emily Perez,409903053,emilyperez869@gmail.com,CCXRDHTUVS,True,869
870,Savannah Johnson,979017080,savannahjohnson870@gmail.com,YPOSZOSAQP,True,870
871,Hailey Ross,434824119,haileyross871@gmail.com,MHNRJCCQKQ,True,871
872,Owen Young,287225850,owenyoung872@gmail.com,UPEMCTTPJA,True,872
873,Ella Morgan,785220249,ellamorgan873@gmail.com,APUUSDOXOX,True,873
874,Molly Brown,315573323,mollybrown874@gmail.com,FGIRHVVAUY,True,874
875,Sadie Wright,853518010,sadiewright875@gmail.com,XKQOXSEGLQ,True,875
876,Emma Taylor,310906451,emmataylor876@gmail.com,CLTMRLYDIV,True,876
877,Emily Jones,704823565,emilyjones877@gmail.com,SIHWKHODGB,True,877
878,Ian Murphy,303874805,ianmurphy878@gmail.com,LMWOUAUUHD,True,878
879,Chandler Morgan,397289723,chandlermorgan879@gmail.com,TWQIVZLIPU,True,879
880,Aiden Peterson,413219394,aidenpeterson880@gmail.com,IERWCBAXHH,True,880
881,Justin Wood,931967479,justinwood881@gmail.com,LTMSIHPFSA,True,881
882,Logan Jones,746493959,loganjones882@gmail.com,UXAEPOUTVS,True,882
883,Banting Barnes,994384219,bantingbarnes883@gmail.com,YGULNWEHYS,True,883
884,Claire Allen,520915206,claireallen884@gmail.com,ZUYZALQQWO,True,884
885,Kylie Martinez,823821884,kyliemartinez885@gmail.com,EDVAZLBUEB,True,885
886,Bryce Davis,357275528,brycedavis886@gmail.com,FCKVSIAXLV,True,886
887,Justin Harris,333707853,justinharris887@gmail.com,ATLBPCAZJJ,True,887
888,Claire Wilson,781239417,clairewilson888@gmail.com,XJLYOYQQJQ,True,888
889,Shawn Bailey,373647404,shawnbailey889@gmail.com,KDVSSMCVVY,True,889
890,Leah Powell,616959774,leahpowell890@gmail.com,GWGPTSEUWE,True,890
891,Scarlett Morris,164701737,scarlettmorris891@gmail.com,OPOMKQWYSF,True,891
892,Ian Evans,189372374,ianevans892@gmail.com,XTKOHHPBGM,True,892
893,Alexis Davis,535376481,alexisdavis893@gmail.com,JEVKRAMSGH,True,893
894,Braden Robinson,379217861,bradenrobinson894@gmail.com,EAEGHDMXQF,True,894
895,Aiden Perry,578719355,aidenperry895@gmail.com,ZVFQRNZPEQ,True,895
896,Banting Bell,474502933,bantingbell896@gmail.com,OCZJLTDBZP,True,896
897,Monica Long,369548411,monicalong897@gmail.com,LWDPGXSFDM,True,897
898,Samantha Edwards,147022353,samanthaedwards898@gmail.com,NRMYUJDTXB,True,898
899,Monica Roberts,963131262,monicaroberts899@gmail.com,AXGSSUXDOW,True,899
900,Ross Flores,151439396,rossflores900@gmail.com,XMHZCEBYOA,True,900
901,Summer Cook,198521129,summercook901@gmail.com,ZVYQUMAHRB,True,901
902,Keira Richardson,330196805,keirarichardson902@gmail.com,YCRQVBNCHO,True,902
903,Jordan Smith,560042674,jordansmith903@gmail.com,CNBCEKXHOO,True,903
904,Kaitlyn Bing,620183266,kaitlynbing904@gmail.com,RSETRSDQJI,True,904
905,Brandon Young,100481502,brandonyoung905@gmail.com,AQRTMHSETN,True,905
906,Braden King,944197501,bradenking906@gmail.com,DRRINEBIOU,True,906
907,Jordan Moore,181965636,jordanmoore907@gmail.com,NAEMRMIVWO,True,907
908,Ethan Kelly,709629426,ethankelly908@gmail.com,ZSRKKOTIVC,True,908
909,Joey Morgan,691827882,joeymorgan909@gmail.com,ANNTLIMSQR,True,909
910,Noah Turner,895857199,noahturner910@gmail.com,OCFMNPTPUM,True,910
911,Nolan Simmons,187898696,nolansimmons911@gmail.com,AXPWENBXGI,True,911
912,Isaac Baker,493746737,isaacbaker912@gmail.com,XGRGZEIKHZ,True,912
913,Brooke Scott,260884828,brookescott913@gmail.com,XXZORYEWHC,True,913
914,Jason Scott,802842552,jasonscott914@gmail.com,ZNNRIYGHIM,True,914
915,Joshua Ward,178459159,joshuaward915@gmail.com,SPNPNNUABW,True,915
916,Chandler Russell,579668979,chandlerrussell916@gmail.com,HUAPXHEDBL,True,916
917,Sarah Baker,537033287,sarahbaker917@gmail.com,KDRZUISAFL,True,917
918,Jacob Rivera,271494009,jacobrivera918@gmail.com,TDBTNXSTPP,True,918
919,David Coleman,977719283,davidcoleman919@gmail.com,UTLOKSEKFQ,True,919
920,Brooklyn Martin,982667024,brooklynmartin920@gmail.com,MVBTRFLABI,True,920
921,Elizabeth Reed,532254411,elizabethreed921@gmail.com,MEZJXHFQMG,True,921
922,Noah Jenkins,195283934,noahjenkins922@gmail.com,DZGVAMSJAM,True,922
923,Hannah Jackson,455198516,hannahjackson923@gmail.com,EHRLZNBFWT,True,923
924,Jack Parker,792943277,jackparker924@gmail.com,GPLGJBXZJL,True,924
925,Summer Cook,914315343,summercook925@gmail.com,ZXVDMNBCQR,True,925
926,Caleb Hall,345451745,calebhall926@gmail.com,XEEBGNSITL,True,926
927,Benjamin Stewart,751849368,benjaminstewart927@gmail.com,WXLMQGMSLD,True,927
928,Ken Morgan,506002387,kenmorgan928@gmail.com,PBFTAMSGNV,True,928
929,Owen Thomas,736853967,owenthomas929@gmail.com,ILXTEFLPRF,True,929
930,Emma Campbell,479015077,emmacampbell930@gmail.com,EUMZDFILUG,True,930
931,Benjamin Reed,941358038,benjaminreed931@gmail.com,NXBYDDKOPR,True,931
932,Brooke Cox,657801212,brookecox932@gmail.com,ZYFAWRKYVO,True,932
933,Harper Russell,340743542,harperrussell933@gmail.com,VLEPJCACJI,True,933
934,Harper Baker,345850326,harperbaker934@gmail.com,UFFJCUARXR,True,934
935,Scott Adams,314698265,scottadams935@gmail.com,OGSOKRINMX,True,935
936,Michael Robinson,701770674,michaelrobinson936@gmail.com,LKDCCNNSQT,True,936
937,Brooke Young,286451284,brookeyoung937@gmail.com,CFHBPQCZXF,True,937
938,Chloe Stewart,474200953,chloestewart938@gmail.com,NPGHVIZZPB,True,938
939,Ross Coleman,520433703,rosscoleman939@gmail.com,CHMGVNJKKQ,True,939
940,Jacob Roberts,879624382,jacobroberts940@gmail.com,HLMFRJYAJL,True,940
941,James Roberts,275309891,jamesroberts941@gmail.com,ICFTUDCOVH,True,941
942,Sophia Howard,624078426,sophiahoward942@gmail.com,MFQSZPDPXD,True,942
943,Jake Ward,189411534,jakeward943@gmail.com,TTHEGDLADY,True,943
944,Hailey Johnson,477790204,haileyjohnson944@gmail.com,XKVVXGISEQ,True,944
945,Harper Reed,529061078,harperreed945@gmail.com,LETJSSFOEE,True,945
946,William Sanders,670954998,williamsanders946@gmail.com,ZZLGVBIDZH,True,946
947,Scarlett Ramirez,928487544,scarlettramirez947@gmail.com,BZAPXLYAFR,True,947
948,Sadie Sanders,732533927,sadiesanders948@gmail.com,JQXTJULOHR,True,948
949,Michael Adams,300758701,michaeladams949@gmail.com,VTDRUJRQXZ,True,949
950,Emma Wilson,999050375,emmawilson950@gmail.com,CPHCAWKXSO,True,950
951,Monica Bryant,937469645,monicabryant951@gmail.com,AALNGEYAEF,True,951
952,Chandler Nelson,198054402,chandlernelson952@gmail.com,EXRFLOHQDO,True,952
953,Marty Russell,169303069,martyrussell953@gmail.com,QTGYGSFJCL,True,953
954,Samantha Brooks,980464236,samanthabrooks954@gmail.com,XWCHCXBTIQ,True,954
955,Jacob Brown,619184984,jacobbrown955@gmail.com,EWEBKUPRUE,True,955
956,Chase Allen,103237194,chaseallen956@gmail.com,RNXBDMOKGQ,True,956
957,Sadie Turner,874998288,sadieturner957@gmail.com,IVZMBOSFVZ,True,957
958,Jason Coleman,767099395,jasoncoleman958@gmail.com,UHYTHJYUSA,True,958
959,Anna Flores,705867922,annaflores959@gmail.com,LPACXUEYIM,True,959
960,Hailey Martinez,755029756,haileymartinez960@gmail.com,TJTPZAQWNT,True,960
961,Keira Phillips,292348133,keiraphillips961@gmail.com,DHEXUWUDWW,True,961
962,Noah Alexander,675963248,noahalexander962@gmail.com,GTNLRFBIIJ,True,962
963,Madelyn Torres,972775458,madelyntorres963@gmail.com,ZIWRZDHMBC,True,963
964,Kayla Butler,312812805,kaylabutler964@gmail.com,UTXDYTBADT,True,964
965,Bryce Sanders,954499159,brycesanders965@gmail.com,YLXJUNAVXV,True,965
966,Nolan Simmons,530097482,nolansimmons966@gmail.com,OPQVOVCKJH,True,966
967,Sebastian Diaz,253003195,sebastiandiaz967@gmail.com,HVRLEEXEZK,True,967
968,Summer Wilson,915034501,summerwilson968@gmail.com,YTGXEDROSU,True,968
969,Marty Harris,588144287,martyharris969@gmail.com,TWVKVFLZXK,True,969
970,Chloe Hall,476688484,chloehall970@gmail.com,NZZUIMODOK,True,970
971,Kylie Phillips,393217694,kyliephillips971@gmail.com,QNOKYZRGBJ,True,971
972,Samantha Young,162832334,samanthayoung972@gmail.com,HVLHHMRHOR,True,972
973,Kaylee Wright,751060304,kayleewright973@gmail.com,ZHHVCAMPNG,True,973
974,Banting Cooper,198094901,bantingcooper974@gmail.com,HRKGJUFRNY,True,974
975,Leah Richardson,807357133,leahrichardson975@gmail.com,ZHNGKBENZH,True,975
976,Alexandra Morgan,908175983,alexandramorgan976@gmail.com,VMICQZADSE,True,976
977,Ethan Stewart,105872399,ethanstewart977@gmail.com,WNWCFGBXQY,True,977
978,Elise Howard,977408311,elisehoward978@gmail.com,HJDZCLAOAO,True,978
979,Dylan Davis,363882199,dylandavis979@gmail.com,BDNEBIYBZH,True,979
980,Ross Garcia,343360344,rossgarcia980@gmail.com,VRFCILXYNC,True,980
981,Keira Butler,416964199,keirabutler981@gmail.com,RXOZVIWIKT,True,981
982,Liam Ross,119315440,liamross982@gmail.com,CONURYGKJX,True,982
983,Owen Collins,305243686,owencollins983@gmail.com,DICBDJEPJK,True,983
984,Isabella Peterson,737803591,isabellapeterson984@gmail.com,CDRVBJXPBO,True,984
985,Christopher Anderson,541545431,christopheranderson985@gmail.com,JHATNLXCTZ,True,985
986,Harper Richardson,843303636,harperrichardson986@gmail.com,NPOMXZLGYI,True,986
987,Elizabeth Anderson,588498143,elizabethanderson987@gmail.com,UBDSFCPBPG,True,987
988,Jordan Gonzalez,360279304,jordangonzalez988@gmail.com,RFHOHFBWPX,True,988
989,Marty Sanders,726665340,martysanders989@gmail.com,AJNMYFDPBC,True,989
990,Emily Henderson,311461070,emilyhenderson990@gmail.com,UDKZNAOZEV,True,990
991,Nolan Russell,826772384,nolanrussell991@gmail.com,PFQSYRSKWO,True,991
992,Ryan Williams,519351888,ryanwilliams992@gmail.com,DHPUECYXLL,True,992
993,Alyssa Perry,768333030,alyssaperry993@gmail.com,CXQQFYHCJZ,True,993
994,Kayla Lewis,765403946,kaylalewis994@gmail.com,HEXETYOOUO,True,994
995,Emma Cox,687276248,emmacox995@gmail.com,YBZADJNYOY,True,995
996,Dylan Baker,599346642,dylanbaker996@gmail.com,QIDBVRSMSO,True,996
997,Lucas Walker,651302967,lucaswalker997@gmail.com,PJJAYKKEHG,True,997
998,Logan Hall,876598727,loganhall998@gmail.com,WSVZRDAFGD,True,998
999,Olivia Turner,523291043,oliviaturner999@gmail.com,OWCIACNYJO,True,999
